country,cc,cinema,experience,time,bookingId,url,slug
United Arab Emirates,uae,Abu Dhabi Mall - Abu Dhabi,MAX,9:50am,0036-100474,https://uae.voxcinemas.com/booking/0036-100474,drishyam-the-conclusion-hindi
United Arab Emirates,uae,Abu Dhabi Mall - Abu Dhabi,MAX,1:05pm,0036-100475,https://uae.voxcinemas.com/booking/0036-100475,drishyam-the-conclusion-hindi
United Arab Emirates,uae,Abu Dhabi Mall - Abu Dhabi,MAX,4:20pm,0036-100476,https://uae.voxcinemas.com/booking/0036-100476,drishyam-the-conclusion-hindi
United Arab Emirates,uae,Abu Dhabi Mall - Abu Dhabi,MAX,7:35pm,0036-100477,https://uae.voxcinemas.com/booking/0036-100477,drishyam-the-conclusion-hindi
United Arab Emirates,uae,Abu Dhabi Mall - Abu Dhabi,MAX,10:50pm,0036-100478,https://uae.voxcinemas.com/booking/0036-100478,drishyam-the-conclusion-hindi
United Arab Emirates,uae,Abu Dhabi Mall - Abu Dhabi,Standard,6:45pm,0036-100536,https://uae.voxcinemas.com/booking/0036-100536,drishyam-the-conclusion-hindi
United Arab Emirates,uae,Abu Dhabi Mall - Abu Dhabi,Standard,10:00pm,0036-100537,https://uae.voxcinemas.com/booking/0036-100537,drishyam-the-conclusion-hindi
United Arab Emirates,uae,Al Hamra Mall -Ras Al Khaimah,MAX,4:00pm,0009-212326,https://uae.voxcinemas.com/booking/0009-212326,drishyam-the-conclusion-hindi
United Arab Emirates,uae,Al Hamra Mall -Ras Al Khaimah,MAX,7:15pm,0009-212327,https://uae.voxcinemas.com/booking/0009-212327,drishyam-the-conclusion-hindi
United Arab Emirates,uae,Al Hamra Mall -Ras Al Khaimah,MAX,10:30pm,0009-212328,https://uae.voxcinemas.com/booking/0009-212328,drishyam-the-conclusion-hindi
United Arab Emirates,uae,Al Hamra Mall -Ras Al Khaimah,Standard,12:00pm,0009-212453,https://uae.voxcinemas.com/booking/0009-212453,drishyam-the-conclusion-hindi
United Arab Emirates,uae,Al Jimi Mall,Standard,4:35pm,0039-142850,https://uae.voxcinemas.com/booking/0039-142850,drishyam-the-conclusion-hindi
United Arab Emirates,uae,Burjuman,MAX,10:00am,0013-310648,https://uae.voxcinemas.com/booking/0013-310648,drishyam-the-conclusion-hindi
United Arab Emirates,uae,Burjuman,MAX,1:15pm,0013-310649,https://uae.voxcinemas.com/booking/0013-310649,drishyam-the-conclusion-hindi
United Arab Emirates,uae,Burjuman,MAX,4:30pm,0013-310650,https://uae.voxcinemas.com/booking/0013-310650,drishyam-the-conclusion-hindi
United Arab Emirates,uae,Burjuman,MAX,7:45pm,0013-310651,https://uae.voxcinemas.com/booking/0013-310651,drishyam-the-conclusion-hindi
United Arab Emirates,uae,Burjuman,MAX,11:00pm,0013-310652,https://uae.voxcinemas.com/booking/0013-310652,drishyam-the-conclusion-hindi
United Arab Emirates,uae,Burjuman,Premium,9:00am,0013-310678,https://uae.voxcinemas.com/booking/0013-310678,drishyam-the-conclusion-hindi
United Arab Emirates,uae,Burjuman,Premium,12:15pm,0013-310679,https://uae.voxcinemas.com/booking/0013-310679,drishyam-the-conclusion-hindi
United Arab Emirates,uae,Burjuman,Premium,3:30pm,0013-310680,https://uae.voxcinemas.com/booking/0013-310680,drishyam-the-conclusion-hindi
United Arab Emirates,uae,Burjuman,Premium,6:45pm,0013-310681,https://uae.voxcinemas.com/booking/0013-310681,drishyam-the-conclusion-hindi
United Arab Emirates,uae,Burjuman,Premium,10:00pm,0013-310682,https://uae.voxcinemas.com/booking/0013-310682,drishyam-the-conclusion-hindi
United Arab Emirates,uae,Burjuman,Premium,1:15am,0013-310683,https://uae.voxcinemas.com/booking/0013-310683,drishyam-the-conclusion-hindi
United Arab Emirates,uae,Burjuman,Standard,11:00am,0013-310663,https://uae.voxcinemas.com/booking/0013-310663,drishyam-the-conclusion-hindi
United Arab Emirates,uae,Burjuman,Standard,2:15pm,0013-310664,https://uae.voxcinemas.com/booking/0013-310664,drishyam-the-conclusion-hindi
United Arab Emirates,uae,Burjuman,Standard,5:30pm,0013-310665,https://uae.voxcinemas.com/booking/0013-310665,drishyam-the-conclusion-hindi
United Arab Emirates,uae,Burjuman,Standard,8:45pm,0013-310666,https://uae.voxcinemas.com/booking/0013-310666,drishyam-the-conclusion-hindi
United Arab Emirates,uae,Burjuman,Standard,11:30pm,0013-310780,https://uae.voxcinemas.com/booking/0013-310780,drishyam-the-conclusion-hindi
United Arab Emirates,uae,Burjuman,Standard,11:55pm,0013-310667,https://uae.voxcinemas.com/booking/0013-310667,drishyam-the-conclusion-hindi
United Arab Emirates,uae,City Centre Ajman,MAX,10:45am,0004-308652,https://uae.voxcinemas.com/booking/0004-308652,drishyam-the-conclusion-hindi
United Arab Emirates,uae,City Centre Ajman,MAX,2:00pm,0004-308653,https://uae.voxcinemas.com/booking/0004-308653,drishyam-the-conclusion-hindi
United Arab Emirates,uae,City Centre Ajman,MAX,5:15pm,0004-308654,https://uae.voxcinemas.com/booking/0004-308654,drishyam-the-conclusion-hindi
United Arab Emirates,uae,City Centre Ajman,MAX,8:30pm,0004-308655,https://uae.voxcinemas.com/booking/0004-308655,drishyam-the-conclusion-hindi
United Arab Emirates,uae,City Centre Ajman,MAX,11:45pm,0004-308656,https://uae.voxcinemas.com/booking/0004-308656,drishyam-the-conclusion-hindi
United Arab Emirates,uae,City Centre Ajman,Standard,12:45pm,0004-308948,https://uae.voxcinemas.com/booking/0004-308948,drishyam-the-conclusion-hindi
United Arab Emirates,uae,City Centre Ajman,Standard,4:00pm,0004-308949,https://uae.voxcinemas.com/booking/0004-308949,drishyam-the-conclusion-hindi
United Arab Emirates,uae,City Centre Ajman,Standard,7:15pm,0004-308950,https://uae.voxcinemas.com/booking/0004-308950,drishyam-the-conclusion-hindi
United Arab Emirates,uae,City Centre Ajman,Standard,10:30pm,0004-308951,https://uae.voxcinemas.com/booking/0004-308951,drishyam-the-conclusion-hindi
United Arab Emirates,uae,City Centre Ajman,Standard,12:30am,0004-309046,https://uae.voxcinemas.com/booking/0004-309046,drishyam-the-conclusion-hindi
United Arab Emirates,uae,City Centre Al Zahia,MAX,1:00pm,0055-195150,https://uae.voxcinemas.com/booking/0055-195150,drishyam-the-conclusion-hindi
United Arab Emirates,uae,City Centre Al Zahia,MAX,4:15pm,0055-195151,https://uae.voxcinemas.com/booking/0055-195151,drishyam-the-conclusion-hindi
United Arab Emirates,uae,City Centre Al Zahia,MAX,7:30pm,0055-195152,https://uae.voxcinemas.com/booking/0055-195152,drishyam-the-conclusion-hindi
United Arab Emirates,uae,City Centre Al Zahia,MAX,10:45pm,0055-195153,https://uae.voxcinemas.com/booking/0055-195153,drishyam-the-conclusion-hindi
United Arab Emirates,uae,City Centre Al Zahia,Standard,10:10am,0055-195334,https://uae.voxcinemas.com/booking/0055-195334,drishyam-the-conclusion-hindi
United Arab Emirates,uae,City Centre Al Zahia,Standard,2:00pm,0055-195478,https://uae.voxcinemas.com/booking/0055-195478,drishyam-the-conclusion-hindi
United Arab Emirates,uae,City Centre Al Zahia,Standard,5:15pm,0055-195479,https://uae.voxcinemas.com/booking/0055-195479,drishyam-the-conclusion-hindi
United Arab Emirates,uae,City Centre Al Zahia,Standard,8:30pm,0055-195480,https://uae.voxcinemas.com/booking/0055-195480,drishyam-the-conclusion-hindi
United Arab Emirates,uae,City Centre Al Zahia,Standard,11:45pm,0055-195481,https://uae.voxcinemas.com/booking/0055-195481,drishyam-the-conclusion-hindi
United Arab Emirates,uae,City Centre Deira,MAX,1:00pm,0001-677144,https://uae.voxcinemas.com/booking/0001-677144,drishyam-the-conclusion-hindi
United Arab Emirates,uae,City Centre Deira,MAX,4:15pm,0001-677145,https://uae.voxcinemas.com/booking/0001-677145,drishyam-the-conclusion-hindi
United Arab Emirates,uae,City Centre Deira,MAX,5:00pm,0001-677697,https://uae.voxcinemas.com/booking/0001-677697,drishyam-the-conclusion-hindi
United Arab Emirates,uae,City Centre Deira,MAX,7:30pm,0001-677146,https://uae.voxcinemas.com/booking/0001-677146,drishyam-the-conclusion-hindi
United Arab Emirates,uae,City Centre Deira,MAX,10:45pm,0001-677147,https://uae.voxcinemas.com/booking/0001-677147,drishyam-the-conclusion-hindi
United Arab Emirates,uae,City Centre Deira,MAX,11:59pm,0001-678336,https://uae.voxcinemas.com/booking/0001-678336,drishyam-the-conclusion-hindi
United Arab Emirates,uae,City Centre Deira,GOLD,3:00pm,0001-678377,https://uae.voxcinemas.com/booking/0001-678377,drishyam-the-conclusion-hindi
United Arab Emirates,uae,City Centre Deira,GOLD,3:45pm,0001-678075,https://uae.voxcinemas.com/booking/0001-678075,drishyam-the-conclusion-hindi
United Arab Emirates,uae,City Centre Deira,GOLD,4:45pm,0001-678049,https://uae.voxcinemas.com/booking/0001-678049,drishyam-the-conclusion-hindi
United Arab Emirates,uae,City Centre Deira,GOLD,6:30pm,0001-678378,https://uae.voxcinemas.com/booking/0001-678378,drishyam-the-conclusion-hindi
United Arab Emirates,uae,City Centre Deira,GOLD,7:15pm,0001-678076,https://uae.voxcinemas.com/booking/0001-678076,drishyam-the-conclusion-hindi
United Arab Emirates,uae,City Centre Deira,GOLD,8:15pm,0001-678050,https://uae.voxcinemas.com/booking/0001-678050,drishyam-the-conclusion-hindi
United Arab Emirates,uae,City Centre Deira,GOLD,9:00pm,0001-678381,https://uae.voxcinemas.com/booking/0001-678381,drishyam-the-conclusion-hindi
United Arab Emirates,uae,City Centre Deira,GOLD,10:00pm,0001-678379,https://uae.voxcinemas.com/booking/0001-678379,drishyam-the-conclusion-hindi
United Arab Emirates,uae,City Centre Deira,GOLD,10:45pm,0001-678077,https://uae.voxcinemas.com/booking/0001-678077,drishyam-the-conclusion-hindi
United Arab Emirates,uae,City Centre Deira,GOLD,11:40pm,0001-678468,https://uae.voxcinemas.com/booking/0001-678468,drishyam-the-conclusion-hindi
United Arab Emirates,uae,City Centre Deira,GOLD,12:30am,0001-678380,https://uae.voxcinemas.com/booking/0001-678380,drishyam-the-conclusion-hindi
United Arab Emirates,uae,City Centre Deira,Standard,12:15pm,0001-677157,https://uae.voxcinemas.com/booking/0001-677157,drishyam-the-conclusion-hindi
United Arab Emirates,uae,City Centre Deira,Standard,1:45pm,0001-677982,https://uae.voxcinemas.com/booking/0001-677982,drishyam-the-conclusion-hindi
United Arab Emirates,uae,City Centre Deira,Standard,3:30pm,0001-677158,https://uae.voxcinemas.com/booking/0001-677158,drishyam-the-conclusion-hindi
United Arab Emirates,uae,City Centre Deira,Standard,6:45pm,0001-677159,https://uae.voxcinemas.com/booking/0001-677159,drishyam-the-conclusion-hindi
United Arab Emirates,uae,City Centre Deira,Standard,8:00pm,0001-678491,https://uae.voxcinemas.com/booking/0001-678491,drishyam-the-conclusion-hindi
United Arab Emirates,uae,City Centre Deira,Standard,9:00pm,0001-678383,https://uae.voxcinemas.com/booking/0001-678383,drishyam-the-conclusion-hindi
United Arab Emirates,uae,City Centre Deira,Standard,10:00pm,0001-677160,https://uae.voxcinemas.com/booking/0001-677160,drishyam-the-conclusion-hindi
United Arab Emirates,uae,City Centre Deira,Standard,11:15pm,0001-677984,https://uae.voxcinemas.com/booking/0001-677984,drishyam-the-conclusion-hindi
United Arab Emirates,uae,City Centre Deira,Standard,1:15am,0001-677725,https://uae.voxcinemas.com/booking/0001-677725,drishyam-the-conclusion-hindi
United Arab Emirates,uae,City Centre Fujairah,Standard,1:00pm,0006-318289,https://uae.voxcinemas.com/booking/0006-318289,drishyam-the-conclusion-hindi
United Arab Emirates,uae,City Centre Fujairah,Standard,4:15pm,0006-318290,https://uae.voxcinemas.com/booking/0006-318290,drishyam-the-conclusion-hindi
United Arab Emirates,uae,City Centre Fujairah,Standard,7:30pm,0006-318291,https://uae.voxcinemas.com/booking/0006-318291,drishyam-the-conclusion-hindi
United Arab Emirates,uae,City Centre Fujairah,Standard,10:45pm,0006-318292,https://uae.voxcinemas.com/booking/0006-318292,drishyam-the-conclusion-hindi
United Arab Emirates,uae,City Centre Meaisem,Premier,1:45pm,0110-1369,https://uae.voxcinemas.com/booking/0110-1369,drishyam-the-conclusion-hindi
United Arab Emirates,uae,City Centre Meaisem,Premier,5:00pm,0110-1370,https://uae.voxcinemas.com/booking/0110-1370,drishyam-the-conclusion-hindi
United Arab Emirates,uae,City Centre Meaisem,Premier,8:15pm,0110-1371,https://uae.voxcinemas.com/booking/0110-1371,drishyam-the-conclusion-hindi
United Arab Emirates,uae,City Centre Meaisem,Premier,11:30pm,0110-1372,https://uae.voxcinemas.com/booking/0110-1372,drishyam-the-conclusion-hindi
United Arab Emirates,uae,City Centre Mirdif,Standard,10:30am,0005-613773,https://uae.voxcinemas.com/booking/0005-613773,drishyam-the-conclusion-hindi
United Arab Emirates,uae,City Centre Mirdif,Standard,12:30pm,0005-613971,https://uae.voxcinemas.com/booking/0005-613971,drishyam-the-conclusion-hindi
United Arab Emirates,uae,City Centre Mirdif,Standard,1:45pm,0005-613774,https://uae.voxcinemas.com/booking/0005-613774,drishyam-the-conclusion-hindi
United Arab Emirates,uae,City Centre Mirdif,Standard,3:45pm,0005-613972,https://uae.voxcinemas.com/booking/0005-613972,drishyam-the-conclusion-hindi
United Arab Emirates,uae,City Centre Mirdif,Standard,5:00pm,0005-613775,https://uae.voxcinemas.com/booking/0005-613775,drishyam-the-conclusion-hindi
United Arab Emirates,uae,City Centre Mirdif,Standard,7:00pm,0005-613973,https://uae.voxcinemas.com/booking/0005-613973,drishyam-the-conclusion-hindi
United Arab Emirates,uae,City Centre Mirdif,Standard,8:15pm,0005-613776,https://uae.voxcinemas.com/booking/0005-613776,drishyam-the-conclusion-hindi
United Arab Emirates,uae,City Centre Mirdif,Standard,10:15pm,0005-613974,https://uae.voxcinemas.com/booking/0005-613974,drishyam-the-conclusion-hindi
United Arab Emirates,uae,City Centre Mirdif,Standard,11:30pm,0005-613777,https://uae.voxcinemas.com/booking/0005-613777,drishyam-the-conclusion-hindi
United Arab Emirates,uae,City Centre Sharjah,MAX,12:00pm,0035-184311,https://uae.voxcinemas.com/booking/0035-184311,drishyam-the-conclusion-hindi
United Arab Emirates,uae,City Centre Sharjah,MAX,3:15pm,0035-184312,https://uae.voxcinemas.com/booking/0035-184312,drishyam-the-conclusion-hindi
United Arab Emirates,uae,City Centre Sharjah,MAX,6:30pm,0035-184313,https://uae.voxcinemas.com/booking/0035-184313,drishyam-the-conclusion-hindi
United Arab Emirates,uae,City Centre Sharjah,MAX,9:45pm,0035-184314,https://uae.voxcinemas.com/booking/0035-184314,drishyam-the-conclusion-hindi
United Arab Emirates,uae,City Centre Sharjah,Standard,10:00am,0035-184252,https://uae.voxcinemas.com/booking/0035-184252,drishyam-the-conclusion-hindi
United Arab Emirates,uae,City Centre Sharjah,Standard,11:00am,0035-184377,https://uae.voxcinemas.com/booking/0035-184377,drishyam-the-conclusion-hindi
United Arab Emirates,uae,City Centre Sharjah,Standard,1:15pm,0035-184253,https://uae.voxcinemas.com/booking/0035-184253,drishyam-the-conclusion-hindi
United Arab Emirates,uae,City Centre Sharjah,Standard,2:15pm,0035-184378,https://uae.voxcinemas.com/booking/0035-184378,drishyam-the-conclusion-hindi
United Arab Emirates,uae,City Centre Sharjah,Standard,4:30pm,0035-184254,https://uae.voxcinemas.com/booking/0035-184254,drishyam-the-conclusion-hindi
United Arab Emirates,uae,City Centre Sharjah,Standard,5:30pm,0035-184379,https://uae.voxcinemas.com/booking/0035-184379,drishyam-the-conclusion-hindi
United Arab Emirates,uae,City Centre Sharjah,Standard,7:45pm,0035-184255,https://uae.voxcinemas.com/booking/0035-184255,drishyam-the-conclusion-hindi
United Arab Emirates,uae,City Centre Sharjah,Standard,8:45pm,0035-184380,https://uae.voxcinemas.com/booking/0035-184380,drishyam-the-conclusion-hindi
United Arab Emirates,uae,City Centre Sharjah,Standard,11:00pm,0035-184256,https://uae.voxcinemas.com/booking/0035-184256,drishyam-the-conclusion-hindi
United Arab Emirates,uae,City Centre Sharjah,Standard,12:00am,0035-184381,https://uae.voxcinemas.com/booking/0035-184381,drishyam-the-conclusion-hindi
United Arab Emirates,uae,City Centre Shindagha,Standard,10:00am,0017-158584,https://uae.voxcinemas.com/booking/0017-158584,drishyam-the-conclusion-hindi
United Arab Emirates,uae,City Centre Shindagha,Standard,11:00am,0017-158686,https://uae.voxcinemas.com/booking/0017-158686,drishyam-the-conclusion-hindi
United Arab Emirates,uae,City Centre Shindagha,Standard,1:15pm,0017-158585,https://uae.voxcinemas.com/booking/0017-158585,drishyam-the-conclusion-hindi
United Arab Emirates,uae,City Centre Shindagha,Standard,2:15pm,0017-158687,https://uae.voxcinemas.com/booking/0017-158687,drishyam-the-conclusion-hindi
United Arab Emirates,uae,City Centre Shindagha,Standard,4:30pm,0017-158586,https://uae.voxcinemas.com/booking/0017-158586,drishyam-the-conclusion-hindi
United Arab Emirates,uae,City Centre Shindagha,Standard,5:30pm,0017-158688,https://uae.voxcinemas.com/booking/0017-158688,drishyam-the-conclusion-hindi
United Arab Emirates,uae,City Centre Shindagha,Standard,7:45pm,0017-158587,https://uae.voxcinemas.com/booking/0017-158587,drishyam-the-conclusion-hindi
United Arab Emirates,uae,City Centre Shindagha,Standard,8:45pm,0017-158689,https://uae.voxcinemas.com/booking/0017-158689,drishyam-the-conclusion-hindi
United Arab Emirates,uae,City Centre Shindagha,Standard,11:00pm,0017-158588,https://uae.voxcinemas.com/booking/0017-158588,drishyam-the-conclusion-hindi
United Arab Emirates,uae,City Centre Shindagha,Standard,11:59pm,0017-158690,https://uae.voxcinemas.com/booking/0017-158690,drishyam-the-conclusion-hindi
United Arab Emirates,uae,Dubai Festival City Mall,Standard,12:00pm,0105-102407,https://uae.voxcinemas.com/booking/0105-102407,drishyam-the-conclusion-hindi
United Arab Emirates,uae,Dubai Festival City Mall,Standard,1:00pm,0105-101892,https://uae.voxcinemas.com/booking/0105-101892,drishyam-the-conclusion-hindi
United Arab Emirates,uae,Dubai Festival City Mall,Standard,3:15pm,0105-102408,https://uae.voxcinemas.com/booking/0105-102408,drishyam-the-conclusion-hindi
United Arab Emirates,uae,Dubai Festival City Mall,Standard,4:15pm,0105-101893,https://uae.voxcinemas.com/booking/0105-101893,drishyam-the-conclusion-hindi
United Arab Emirates,uae,Dubai Festival City Mall,Standard,6:30pm,0105-102409,https://uae.voxcinemas.com/booking/0105-102409,drishyam-the-conclusion-hindi
United Arab Emirates,uae,Dubai Festival City Mall,Standard,7:30pm,0105-101894,https://uae.voxcinemas.com/booking/0105-101894,drishyam-the-conclusion-hindi
United Arab Emirates,uae,Dubai Festival City Mall,Standard,9:45pm,0105-102410,https://uae.voxcinemas.com/booking/0105-102410,drishyam-the-conclusion-hindi
United Arab Emirates,uae,Dubai Festival City Mall,Standard,10:45pm,0105-101895,https://uae.voxcinemas.com/booking/0105-101895,drishyam-the-conclusion-hindi
United Arab Emirates,uae,Mall of the Emirates,Premier,10:00am,0002-631690,https://uae.voxcinemas.com/booking/0002-631690,drishyam-the-conclusion-hindi
United Arab Emirates,uae,Mall of the Emirates,Premier,1:20pm,0002-631691,https://uae.voxcinemas.com/booking/0002-631691,drishyam-the-conclusion-hindi
United Arab Emirates,uae,Mall of the Emirates,Premier,4:40pm,0002-631692,https://uae.voxcinemas.com/booking/0002-631692,drishyam-the-conclusion-hindi
United Arab Emirates,uae,Mall of the Emirates,Premier,8:00pm,0002-631693,https://uae.voxcinemas.com/booking/0002-631693,drishyam-the-conclusion-hindi
United Arab Emirates,uae,Mall of the Emirates,Premier,9:00pm,0002-632011,https://uae.voxcinemas.com/booking/0002-632011,drishyam-the-conclusion-hindi
United Arab Emirates,uae,Mall of the Emirates,Premier,9:50pm,0002-632893,https://uae.voxcinemas.com/booking/0002-632893,drishyam-the-conclusion-hindi
United Arab Emirates,uae,Mall of the Emirates,Premier,11:20pm,0002-631694,https://uae.voxcinemas.com/booking/0002-631694,drishyam-the-conclusion-hindi
United Arab Emirates,uae,Mall of the Emirates,Premier,12:15am,0002-632012,https://uae.voxcinemas.com/booking/0002-632012,drishyam-the-conclusion-hindi
United Arab Emirates,uae,Mall of the Emirates,Premier,12:30am,0002-632894,https://uae.voxcinemas.com/booking/0002-632894,drishyam-the-conclusion-hindi
United Arab Emirates,uae,MEGAPLEX(Cineplex Grand Hyatt),Standard,12:00pm,0015-259319,https://uae.voxcinemas.com/booking/0015-259319,drishyam-the-conclusion-hindi
United Arab Emirates,uae,MEGAPLEX(Cineplex Grand Hyatt),Standard,12:45pm,0015-259343,https://uae.voxcinemas.com/booking/0015-259343,drishyam-the-conclusion-hindi
United Arab Emirates,uae,MEGAPLEX(Cineplex Grand Hyatt),Standard,1:15pm,0015-259508,https://uae.voxcinemas.com/booking/0015-259508,drishyam-the-conclusion-hindi
United Arab Emirates,uae,MEGAPLEX(Cineplex Grand Hyatt),Standard,1:45pm,0015-259367,https://uae.voxcinemas.com/booking/0015-259367,drishyam-the-conclusion-hindi
United Arab Emirates,uae,MEGAPLEX(Cineplex Grand Hyatt),Standard,3:20pm,0015-259320,https://uae.voxcinemas.com/booking/0015-259320,drishyam-the-conclusion-hindi
United Arab Emirates,uae,MEGAPLEX(Cineplex Grand Hyatt),Standard,4:10pm,0015-259344,https://uae.voxcinemas.com/booking/0015-259344,drishyam-the-conclusion-hindi
United Arab Emirates,uae,MEGAPLEX(Cineplex Grand Hyatt),Standard,4:40pm,0015-259509,https://uae.voxcinemas.com/booking/0015-259509,drishyam-the-conclusion-hindi
United Arab Emirates,uae,MEGAPLEX(Cineplex Grand Hyatt),Standard,5:10pm,0015-259368,https://uae.voxcinemas.com/booking/0015-259368,drishyam-the-conclusion-hindi
United Arab Emirates,uae,MEGAPLEX(Cineplex Grand Hyatt),Standard,6:45pm,0015-259321,https://uae.voxcinemas.com/booking/0015-259321,drishyam-the-conclusion-hindi
United Arab Emirates,uae,MEGAPLEX(Cineplex Grand Hyatt),Standard,7:30pm,0015-259345,https://uae.voxcinemas.com/booking/0015-259345,drishyam-the-conclusion-hindi
United Arab Emirates,uae,MEGAPLEX(Cineplex Grand Hyatt),Standard,8:00pm,0015-259510,https://uae.voxcinemas.com/booking/0015-259510,drishyam-the-conclusion-hindi
United Arab Emirates,uae,MEGAPLEX(Cineplex Grand Hyatt),Standard,8:30pm,0015-259369,https://uae.voxcinemas.com/booking/0015-259369,drishyam-the-conclusion-hindi
United Arab Emirates,uae,MEGAPLEX(Cineplex Grand Hyatt),Standard,10:15pm,0015-259322,https://uae.voxcinemas.com/booking/0015-259322,drishyam-the-conclusion-hindi
United Arab Emirates,uae,MEGAPLEX(Cineplex Grand Hyatt),Standard,11:00pm,0015-259346,https://uae.voxcinemas.com/booking/0015-259346,drishyam-the-conclusion-hindi
United Arab Emirates,uae,MEGAPLEX(Cineplex Grand Hyatt),Standard,11:30pm,0015-259511,https://uae.voxcinemas.com/booking/0015-259511,drishyam-the-conclusion-hindi
United Arab Emirates,uae,MEGAPLEX(Cineplex Grand Hyatt),Standard,11:59pm,0015-259370,https://uae.voxcinemas.com/booking/0015-259370,drishyam-the-conclusion-hindi
United Arab Emirates,uae,Mercato,Standard,12:45pm,0007-198517,https://uae.voxcinemas.com/booking/0007-198517,drishyam-the-conclusion-hindi
United Arab Emirates,uae,Mercato,Standard,4:00pm,0007-198518,https://uae.voxcinemas.com/booking/0007-198518,drishyam-the-conclusion-hindi
United Arab Emirates,uae,Mercato,Standard,7:15pm,0007-198519,https://uae.voxcinemas.com/booking/0007-198519,drishyam-the-conclusion-hindi
United Arab Emirates,uae,Mercato,Standard,10:30pm,0007-198520,https://uae.voxcinemas.com/booking/0007-198520,drishyam-the-conclusion-hindi
United Arab Emirates,uae,Nation Towers - Abu Dhabi,Standard,3:15pm,0014-251195,https://uae.voxcinemas.com/booking/0014-251195,drishyam-the-conclusion-hindi
United Arab Emirates,uae,Nation Towers - Abu Dhabi,Standard,8:45pm,0014-251197,https://uae.voxcinemas.com/booking/0014-251197,drishyam-the-conclusion-hindi
United Arab Emirates,uae,Palm Jumeirah Mall,Standard,12:05pm,0049-207111,https://uae.voxcinemas.com/booking/0049-207111,drishyam-the-conclusion-hindi
United Arab Emirates,uae,Palm Jumeirah Mall,Standard,1:45pm,0049-207740,https://uae.voxcinemas.com/booking/0049-207740,drishyam-the-conclusion-hindi
United Arab Emirates,uae,Palm Jumeirah Mall,Standard,3:25pm,0049-207112,https://uae.voxcinemas.com/booking/0049-207112,drishyam-the-conclusion-hindi
United Arab Emirates,uae,Palm Jumeirah Mall,Standard,5:00pm,0049-207739,https://uae.voxcinemas.com/booking/0049-207739,drishyam-the-conclusion-hindi
United Arab Emirates,uae,Palm Jumeirah Mall,Standard,6:00pm,0049-207741,https://uae.voxcinemas.com/booking/0049-207741,drishyam-the-conclusion-hindi
United Arab Emirates,uae,Palm Jumeirah Mall,Standard,6:45pm,0049-207113,https://uae.voxcinemas.com/booking/0049-207113,drishyam-the-conclusion-hindi
United Arab Emirates,uae,Palm Jumeirah Mall,Standard,10:05pm,0049-207114,https://uae.voxcinemas.com/booking/0049-207114,drishyam-the-conclusion-hindi
United Arab Emirates,uae,Reem Mall - Abu Dhabi,MAX,12:30pm,0104-59348,https://uae.voxcinemas.com/booking/0104-59348,drishyam-the-conclusion-hindi
United Arab Emirates,uae,Reem Mall - Abu Dhabi,MAX,4:15pm,0104-59349,https://uae.voxcinemas.com/booking/0104-59349,drishyam-the-conclusion-hindi
United Arab Emirates,uae,Reem Mall - Abu Dhabi,MAX,7:35pm,0104-59350,https://uae.voxcinemas.com/booking/0104-59350,drishyam-the-conclusion-hindi
United Arab Emirates,uae,Reem Mall - Abu Dhabi,MAX,10:55pm,0104-59351,https://uae.voxcinemas.com/booking/0104-59351,drishyam-the-conclusion-hindi
United Arab Emirates,uae,The Galleria Al Maryah Island,Standard,12:15pm,0046-312499,https://uae.voxcinemas.com/booking/0046-312499,drishyam-the-conclusion-hindi
United Arab Emirates,uae,The Galleria Al Maryah Island,Standard,1:00pm,0046-311989,https://uae.voxcinemas.com/booking/0046-311989,drishyam-the-conclusion-hindi
United Arab Emirates,uae,The Galleria Al Maryah Island,Standard,4:15pm,0046-311990,https://uae.voxcinemas.com/booking/0046-311990,drishyam-the-conclusion-hindi
United Arab Emirates,uae,The Galleria Al Maryah Island,Standard,7:30pm,0046-311991,https://uae.voxcinemas.com/booking/0046-311991,drishyam-the-conclusion-hindi
United Arab Emirates,uae,Wafi Mall at Wafi City,MAX,2:30pm,0057-150771,https://uae.voxcinemas.com/booking/0057-150771,drishyam-the-conclusion-hindi
United Arab Emirates,uae,Wafi Mall at Wafi City,MAX,5:45pm,0057-150772,https://uae.voxcinemas.com/booking/0057-150772,drishyam-the-conclusion-hindi
United Arab Emirates,uae,Wafi Mall at Wafi City,MAX,9:00pm,0057-150773,https://uae.voxcinemas.com/booking/0057-150773,drishyam-the-conclusion-hindi
United Arab Emirates,uae,Wafi Mall at Wafi City,MAX,12:15am,0057-150774,https://uae.voxcinemas.com/booking/0057-150774,drishyam-the-conclusion-hindi
United Arab Emirates,uae,Wafi Mall at Wafi City,THEATRE,5:30pm,0057-150802,https://uae.voxcinemas.com/booking/0057-150802,drishyam-the-conclusion-hindi
United Arab Emirates,uae,Wafi Mall at Wafi City,THEATRE,10:00pm,0057-150803,https://uae.voxcinemas.com/booking/0057-150803,drishyam-the-conclusion-hindi
United Arab Emirates,uae,Wafi Mall at Wafi City,SAMSUNG ONYX,3:00pm,0057-150814,https://uae.voxcinemas.com/booking/0057-150814,drishyam-the-conclusion-hindi
United Arab Emirates,uae,Wafi Mall at Wafi City,Standard,1:30pm,0057-150755,https://uae.voxcinemas.com/booking/0057-150755,drishyam-the-conclusion-hindi
United Arab Emirates,uae,Wafi Mall at Wafi City,Standard,4:45pm,0057-150756,https://uae.voxcinemas.com/booking/0057-150756,drishyam-the-conclusion-hindi
United Arab Emirates,uae,Wafi Mall at Wafi City,Standard,7:00pm,0057-151356,https://uae.voxcinemas.com/booking/0057-151356,drishyam-the-conclusion-hindi
United Arab Emirates,uae,Wafi Mall at Wafi City,Standard,8:00pm,0057-150757,https://uae.voxcinemas.com/booking/0057-150757,drishyam-the-conclusion-hindi
United Arab Emirates,uae,Wafi Mall at Wafi City,Standard,10:15pm,0057-151355,https://uae.voxcinemas.com/booking/0057-151355,drishyam-the-conclusion-hindi
United Arab Emirates,uae,Wafi Mall at Wafi City,Standard,11:15pm,0057-150758,https://uae.voxcinemas.com/booking/0057-150758,drishyam-the-conclusion-hindi
Saudi Arabia,ksa,Al Qasr Mall - Riyadh,Standard,10:00am,0041-286689,https://ksa.voxcinemas.com/booking/0041-286689,drishyam-the-conclusion-hindi
Saudi Arabia,ksa,Al Qasr Mall - Riyadh,Standard,10:20am,0041-286690,https://ksa.voxcinemas.com/booking/0041-286690,drishyam-the-conclusion-hindi
Saudi Arabia,ksa,Al Qasr Mall - Riyadh,Standard,1:15pm,0041-286055,https://ksa.voxcinemas.com/booking/0041-286055,drishyam-the-conclusion-hindi
Saudi Arabia,ksa,Al Qasr Mall - Riyadh,Standard,1:35pm,0041-286240,https://ksa.voxcinemas.com/booking/0041-286240,drishyam-the-conclusion-hindi
Saudi Arabia,ksa,Al Qasr Mall - Riyadh,Standard,1:40pm,0041-286701,https://ksa.voxcinemas.com/booking/0041-286701,drishyam-the-conclusion-hindi
Saudi Arabia,ksa,Al Qasr Mall - Riyadh,Standard,4:30pm,0041-286056,https://ksa.voxcinemas.com/booking/0041-286056,drishyam-the-conclusion-hindi
Saudi Arabia,ksa,Al Qasr Mall - Riyadh,Standard,4:40pm,0041-286241,https://ksa.voxcinemas.com/booking/0041-286241,drishyam-the-conclusion-hindi
Saudi Arabia,ksa,Al Qasr Mall - Riyadh,Standard,7:45pm,0041-286242,https://ksa.voxcinemas.com/booking/0041-286242,drishyam-the-conclusion-hindi
Saudi Arabia,ksa,Al Qasr Mall - Riyadh,Standard,8:20pm,0041-286694,https://ksa.voxcinemas.com/booking/0041-286694,drishyam-the-conclusion-hindi
Saudi Arabia,ksa,Al Qasr Mall - Riyadh,Standard,9:30pm,0041-286057,https://ksa.voxcinemas.com/booking/0041-286057,drishyam-the-conclusion-hindi
Saudi Arabia,ksa,Al Qasr Mall - Riyadh,Standard,11:00pm,0041-286243,https://ksa.voxcinemas.com/booking/0041-286243,drishyam-the-conclusion-hindi
Saudi Arabia,ksa,Al Qasr Mall - Riyadh,Standard,12:35am,0041-286058,https://ksa.voxcinemas.com/booking/0041-286058,drishyam-the-conclusion-hindi
Saudi Arabia,ksa,Al Qasr Mall - Riyadh,Standard,2:15am,0041-286244,https://ksa.voxcinemas.com/booking/0041-286244,drishyam-the-conclusion-hindi
Saudi Arabia,ksa,Al Qasr Mall - Riyadh,Standard,3:40am,0041-286059,https://ksa.voxcinemas.com/booking/0041-286059,drishyam-the-conclusion-hindi
Saudi Arabia,ksa,Atyaf Mall - Riyadh,Standard,11:00am,0050-184927,https://ksa.voxcinemas.com/booking/0050-184927,drishyam-the-conclusion-hindi
Saudi Arabia,ksa,Atyaf Mall - Riyadh,Standard,11:30am,0050-184929,https://ksa.voxcinemas.com/booking/0050-184929,drishyam-the-conclusion-hindi
Saudi Arabia,ksa,Atyaf Mall - Riyadh,Standard,11:55am,0050-184928,https://ksa.voxcinemas.com/booking/0050-184928,drishyam-the-conclusion-hindi
Saudi Arabia,ksa,Atyaf Mall - Riyadh,Standard,1:15pm,0050-184703,https://ksa.voxcinemas.com/booking/0050-184703,drishyam-the-conclusion-hindi
Saudi Arabia,ksa,Atyaf Mall - Riyadh,Standard,2:15pm,0050-184743,https://ksa.voxcinemas.com/booking/0050-184743,drishyam-the-conclusion-hindi
Saudi Arabia,ksa,Atyaf Mall - Riyadh,Standard,4:15pm,0050-184704,https://ksa.voxcinemas.com/booking/0050-184704,drishyam-the-conclusion-hindi
Saudi Arabia,ksa,Atyaf Mall - Riyadh,Standard,5:15pm,0050-184744,https://ksa.voxcinemas.com/booking/0050-184744,drishyam-the-conclusion-hindi
Saudi Arabia,ksa,Atyaf Mall - Riyadh,Standard,7:15pm,0050-184705,https://ksa.voxcinemas.com/booking/0050-184705,drishyam-the-conclusion-hindi
Saudi Arabia,ksa,Atyaf Mall - Riyadh,Standard,8:30pm,0050-184745,https://ksa.voxcinemas.com/booking/0050-184745,drishyam-the-conclusion-hindi
Saudi Arabia,ksa,Atyaf Mall - Riyadh,Standard,10:20pm,0050-184706,https://ksa.voxcinemas.com/booking/0050-184706,drishyam-the-conclusion-hindi
Saudi Arabia,ksa,Atyaf Mall - Riyadh,Standard,11:35pm,0050-184746,https://ksa.voxcinemas.com/booking/0050-184746,drishyam-the-conclusion-hindi
Saudi Arabia,ksa,Atyaf Mall - Riyadh,Standard,1:30am,0050-184707,https://ksa.voxcinemas.com/booking/0050-184707,drishyam-the-conclusion-hindi
Saudi Arabia,ksa,Atyaf Mall - Riyadh,Standard,2:45am,0050-184747,https://ksa.voxcinemas.com/booking/0050-184747,drishyam-the-conclusion-hindi
Saudi Arabia,ksa,Hail Square - Hail,Standard,4:00pm,0056-100195,https://ksa.voxcinemas.com/booking/0056-100195,drishyam-the-conclusion-hindi
Saudi Arabia,ksa,Hail Square - Hail,Standard,7:15pm,0056-100196,https://ksa.voxcinemas.com/booking/0056-100196,drishyam-the-conclusion-hindi
Saudi Arabia,ksa,Hail Square - Hail,Standard,10:20pm,0056-100197,https://ksa.voxcinemas.com/booking/0056-100197,drishyam-the-conclusion-hindi
Saudi Arabia,ksa,Hail Square - Hail,Standard,1:30am,0056-100198,https://ksa.voxcinemas.com/booking/0056-100198,drishyam-the-conclusion-hindi
Saudi Arabia,ksa,Jubail Galleria Mall - Jubail,Standard,1:30pm,0062-54556,https://ksa.voxcinemas.com/booking/0062-54556,drishyam-the-conclusion-hindi
Saudi Arabia,ksa,Jubail Galleria Mall - Jubail,Standard,4:35pm,0062-54521,https://ksa.voxcinemas.com/booking/0062-54521,drishyam-the-conclusion-hindi
Saudi Arabia,ksa,Jubail Galleria Mall - Jubail,Standard,7:45pm,0062-54555,https://ksa.voxcinemas.com/booking/0062-54555,drishyam-the-conclusion-hindi
Saudi Arabia,ksa,Jubail Galleria Mall - Jubail,Standard,11:10pm,0062-54523,https://ksa.voxcinemas.com/booking/0062-54523,drishyam-the-conclusion-hindi
Saudi Arabia,ksa,Riyadh Park - Riyadh,Standard,3:45pm,0034-224932,https://ksa.voxcinemas.com/booking/0034-224932,drishyam-the-conclusion-hindi
Saudi Arabia,ksa,Roshn Front - Riyadh,Standard,10:30am,0048-359616,https://ksa.voxcinemas.com/booking/0048-359616,drishyam-the-conclusion-hindi
Saudi Arabia,ksa,Roshn Front - Riyadh,Standard,1:40pm,0048-359617,https://ksa.voxcinemas.com/booking/0048-359617,drishyam-the-conclusion-hindi
Saudi Arabia,ksa,Roshn Front - Riyadh,Standard,7:00pm,0048-359619,https://ksa.voxcinemas.com/booking/0048-359619,drishyam-the-conclusion-hindi
Saudi Arabia,ksa,Sahara Mall - Riyadh,Standard,1:15pm,0052-180795,https://ksa.voxcinemas.com/booking/0052-180795,drishyam-the-conclusion-hindi
Saudi Arabia,ksa,Sahara Mall - Riyadh,Standard,4:30pm,0052-180796,https://ksa.voxcinemas.com/booking/0052-180796,drishyam-the-conclusion-hindi
Saudi Arabia,ksa,Sahara Mall - Riyadh,Standard,8:30pm,0052-180703,https://ksa.voxcinemas.com/booking/0052-180703,drishyam-the-conclusion-hindi
Saudi Arabia,ksa,Sahara Mall - Riyadh,Standard,11:40pm,0052-180704,https://ksa.voxcinemas.com/booking/0052-180704,drishyam-the-conclusion-hindi
Saudi Arabia,ksa,Sahara Mall - Riyadh,Standard,3:00am,0052-181252,https://ksa.voxcinemas.com/booking/0052-181252,drishyam-the-conclusion-hindi
Saudi Arabia,ksa,Tabuk Park - Tabuk,Standard,3:00pm,0053-119732,https://ksa.voxcinemas.com/booking/0053-119732,drishyam-the-conclusion-hindi
Saudi Arabia,ksa,Tabuk Park - Tabuk,Standard,6:15pm,0053-119733,https://ksa.voxcinemas.com/booking/0053-119733,drishyam-the-conclusion-hindi
Saudi Arabia,ksa,Tabuk Park - Tabuk,Standard,9:30pm,0053-119734,https://ksa.voxcinemas.com/booking/0053-119734,drishyam-the-conclusion-hindi
Saudi Arabia,ksa,The Esplanade,Standard,1:00pm,0059-101281,https://ksa.voxcinemas.com/booking/0059-101281,drishyam-the-conclusion-hindi
Saudi Arabia,ksa,The Esplanade,Standard,4:05pm,0059-101282,https://ksa.voxcinemas.com/booking/0059-101282,drishyam-the-conclusion-hindi
Saudi Arabia,ksa,The Roof - Riyadh,Standard,1:15pm,0042-168189,https://ksa.voxcinemas.com/booking/0042-168189,drishyam-the-conclusion-hindi
Saudi Arabia,ksa,The Roof - Riyadh,Standard,1:00am,0042-168192,https://ksa.voxcinemas.com/booking/0042-168192,drishyam-the-conclusion-hindi
Saudi Arabia,ksa,"The Spot, Sheikh Jaber - Riyadh",Standard,4:15pm,0058-80755,https://ksa.voxcinemas.com/booking/0058-80755,drishyam-the-conclusion-hindi
Saudi Arabia,ksa,"The Spot, Sheikh Jaber - Riyadh",Standard,9:15pm,0058-80757,https://ksa.voxcinemas.com/booking/0058-80757,drishyam-the-conclusion-hindi
Saudi Arabia,ksa,"The Spot, Sheikh Jaber - Riyadh",Standard,2:15am,0058-80759,https://ksa.voxcinemas.com/booking/0058-80759,drishyam-the-conclusion-hindi
Saudi Arabia,ksa,Town Square - Jeddah,Standard,1:20pm,0054-203767,https://ksa.voxcinemas.com/booking/0054-203767,drishyam-the-conclusion-hindi
Saudi Arabia,ksa,Town Square - Jeddah,Standard,3:00pm,0054-203858,https://ksa.voxcinemas.com/booking/0054-203858,drishyam-the-conclusion-hindi
Saudi Arabia,ksa,Town Square - Jeddah,Standard,4:30pm,0054-203862,https://ksa.voxcinemas.com/booking/0054-203862,drishyam-the-conclusion-hindi
Saudi Arabia,ksa,Town Square - Jeddah,Standard,7:50pm,0054-203769,https://ksa.voxcinemas.com/booking/0054-203769,drishyam-the-conclusion-hindi
Saudi Arabia,ksa,Town Square - Jeddah,Standard,10:30pm,0054-203859,https://ksa.voxcinemas.com/booking/0054-203859,drishyam-the-conclusion-hindi
Saudi Arabia,ksa,Town Square - Jeddah,Standard,11:00pm,0054-203863,https://ksa.voxcinemas.com/booking/0054-203863,drishyam-the-conclusion-hindi
Saudi Arabia,ksa,Town Square - Jeddah,Standard,2:15am,0054-203771,https://ksa.voxcinemas.com/booking/0054-203771,drishyam-the-conclusion-hindi
Saudi Arabia,ksa,West Avenue Mall - Dammam,Standard,10:30am,0044-100796,https://ksa.voxcinemas.com/booking/0044-100796,drishyam-the-conclusion-hindi
Saudi Arabia,ksa,West Avenue Mall - Dammam,Standard,1:45pm,0044-100756,https://ksa.voxcinemas.com/booking/0044-100756,drishyam-the-conclusion-hindi
Saudi Arabia,ksa,West Avenue Mall - Dammam,Standard,5:00pm,0044-100795,https://ksa.voxcinemas.com/booking/0044-100795,drishyam-the-conclusion-hindi
Saudi Arabia,ksa,West Avenue Mall - Dammam,Standard,1:45am,0044-100760,https://ksa.voxcinemas.com/booking/0044-100760,drishyam-the-conclusion-hindi
Kuwait,kwt,The Avenues - Kuwait,Standard,1:50pm,0033-497915,https://kwt.voxcinemas.com/booking/0033-497915,drishyam-the-conclusion-hindi
Kuwait,kwt,The Avenues - Kuwait,Standard,5:10pm,0033-498003,https://kwt.voxcinemas.com/booking/0033-498003,drishyam-the-conclusion-hindi
Kuwait,kwt,The Avenues - Kuwait,Standard,8:35pm,0033-497917,https://kwt.voxcinemas.com/booking/0033-497917,drishyam-the-conclusion-hindi
Bahrain,bhr,City Centre Bahrain,Standard,11:40am,0030-424802,https://bhr.voxcinemas.com/booking/0030-424802,drishyam-the-conclusion-hindi
Bahrain,bhr,City Centre Bahrain,Standard,2:50pm,0030-424803,https://bhr.voxcinemas.com/booking/0030-424803,drishyam-the-conclusion-hindi
Bahrain,bhr,City Centre Bahrain,Standard,5:55pm,0030-424804,https://bhr.voxcinemas.com/booking/0030-424804,drishyam-the-conclusion-hindi
Bahrain,bhr,City Centre Bahrain,Standard,9:00pm,0030-424805,https://bhr.voxcinemas.com/booking/0030-424805,drishyam-the-conclusion-hindi
Bahrain,bhr,City Centre Bahrain,Standard,12:05am,0030-424806,https://bhr.voxcinemas.com/booking/0030-424806,drishyam-the-conclusion-hindi
Bahrain,bhr,VOX Cinemas The Avenues,Standard,4:45pm,0031-215875,https://bhr.voxcinemas.com/booking/0031-215875,drishyam-the-conclusion-hindi
