country,cc,cinema,shows
United Arab Emirates,uae,Abu Dhabi Mall - Abu Dhabi,7
United Arab Emirates,uae,Al Hamra Mall -Ras Al Khaimah,4
United Arab Emirates,uae,Al Jimi Mall,1
United Arab Emirates,uae,Burjuman,17
United Arab Emirates,uae,City Centre Ajman,10
United Arab Emirates,uae,City Centre Al Zahia,9
United Arab Emirates,uae,City Centre Deira,26
United Arab Emirates,uae,City Centre Fujairah,4
United Arab Emirates,uae,City Centre Meaisem,4
United Arab Emirates,uae,City Centre Mirdif,9
United Arab Emirates,uae,City Centre Sharjah,14
United Arab Emirates,uae,City Centre Shindagha,10
United Arab Emirates,uae,Dubai Festival City Mall,8
United Arab Emirates,uae,Mall of the Emirates,9
United Arab Emirates,uae,MEGAPLEX(Cineplex Grand Hyatt),16
United Arab Emirates,uae,Mercato,4
United Arab Emirates,uae,Nation Towers - Abu Dhabi,2
United Arab Emirates,uae,Palm Jumeirah Mall,7
United Arab Emirates,uae,Reem Mall - Abu Dhabi,4
United Arab Emirates,uae,The Galleria Al Maryah Island,4
United Arab Emirates,uae,Wafi Mall at Wafi City,13
Saudi Arabia,ksa,Al Qasr Mall - Riyadh,14
Saudi Arabia,ksa,Atyaf Mall - Riyadh,13
Saudi Arabia,ksa,Hail Square - Hail,4
Saudi Arabia,ksa,Jubail Galleria Mall - Jubail,4
Saudi Arabia,ksa,Riyadh Park - Riyadh,1
Saudi Arabia,ksa,Roshn Front - Riyadh,3
Saudi Arabia,ksa,Sahara Mall - Riyadh,5
Saudi Arabia,ksa,Tabuk Park - Tabuk,3
Saudi Arabia,ksa,The Esplanade,2
Saudi Arabia,ksa,The Roof - Riyadh,2
Saudi Arabia,ksa,"The Spot, Sheikh Jaber - Riyadh",3
Saudi Arabia,ksa,Town Square - Jeddah,7
Saudi Arabia,ksa,West Avenue Mall - Dammam,4
Kuwait,kwt,The Avenues - Kuwait,3
Bahrain,bhr,City Centre Bahrain,5
Bahrain,bhr,VOX Cinemas The Avenues,1
