title,year,director,tmdb_id,poster_path,matched_title,matched_year,original_language,reason
Enthiran (Hindi),2010,S. Shankar,,,,,,NO_RESULTS
Housefull,2010,Sajid Khan,58051,/koPiIQ7evC5rer6modUDxoZjYV.jpg,Housefull,2010,hi,
Once Upon a Time in Mumbaai,2010,Milan Luthria,42966,/qkPmQx9GMuwTDEuIUMoeN6DEqVA.jpg,Once Upon a Time in Mumbaai,2010,hi,
Dabangg,2010,Abhinav Kashyap,44425,/bi2J6IrRK7oFK63EMbzORIos8KP.jpg,Dabangg,2010,hi,
Golmaal 3,2010,Rohit Shetty,44978,/S2BE87q5g8HWDVfoEU8QN9UXfn.jpg,Golmaal 3,2010,hi,
My Name Is Khan,2010,Karan Johar,26022,/5Y36lCiNyyV71mjq6LavgiggbhT.jpg,My Name Is Khan,2010,hi,
Bodyguard,2011,Siddique,73582,/12VEUEHebd9ydQs0Y4ikzb179LY.jpg,Bodyguard,2011,hi,
Ra.One,2011,Anubhav Sinha,41517,/qwC3rbgCI0frJpRxVm74Ak3ktpU.jpg,Ra.One,2011,hi,
Don 2,2011,Farhan Akhtar,41109,/2gBM8c36HIwn4vc2UuMeliqiCKY.jpg,Don 2,2011,hi,
Singham,2011,Rohit Shetty,70590,/pggLRaurdWwjqX2vkhKIVQSBjXV.jpg,Singham,2011,hi,
Zindagi Na Milegi Dobara,2011,Zoya Akhtar,61202,/hKO9O715wYxjkQSEv47giCYcyO8.jpg,Zindagi Na Milegi Dobara,2011,hi,
Ready,2011,Anees Bazmee,65946,/umfKMUkXXPfMUoOq60nXjDbQOCL.jpg,Ready,2011,hi,
Ek Tha Tiger,2012,Kabir Khan,85985,/9qmIOiKLdlIRmdvPV6UmbUx9WFn.jpg,Ek Tha Tiger,2012,hi,
Agneepath,2012,Karan Malhotra,84858,/xO9sErs0c3XMzh8O34ygQWcENTj.jpg,Agneepath,2012,hi,
Dabangg 2,2012,Arbaaz Khan,147405,/11lo9arlgCOcgVPVQ025v071YpM.jpg,Dabangg 2,2012,hi,
Barfi!,2012,Anurag Basu,127501,/5cJIx2zKjDoUtPSliou23xsReb1.jpg,Barfi!,2012,hi,
Rowdy Rathore,2012,Prabhu Deva,102632,/ytdp64MDSpONpm932nQcMTD95IF.jpg,Rowdy Rathore,2012,hi,
Chennai Express,2013,Rohit Shetty,205022,/9j7XfhBJKNfidMCa8JsNbqU1waV.jpg,Chennai Express,2013,hi,
Dhoom 3,2013,Vijay Krishna Acharya,44977,/rUVTM5EQUQ2I0fcfE46AkvBYWae.jpg,Dhoom 3,2013,hi,
Yeh Jawaani Hai Deewani,2013,Ayan Mukerji,185008,/em39H81XLCDgXsI7V4IcBZseEO6.jpg,Yeh Jawaani Hai Deewani,2013,hi,
Krrish 3,2013,Rakesh Roshan,204435,/lJOPh0j0L1IA5mJvHf2RNRdzFlO.jpg,Krrish 3,2013,hi,
Grand Masti,2013,Indra Kumar,220714,/9DtPtMWZqotqvBlMwHlTxXc6xPz.jpg,Grand Masti,2013,hi,
Bhaag Milkha Bhaag,2013,Rakeysh Omprakash Mehra,206324,/bXywc0CEzS1fIshPWWi4V8A58U3.jpg,Bhaag Milkha Bhaag,2013,hi,
Race 2,2013,Abbas-Mustan,44749,/tUe3rzMvVsbi63z3EKA8egjFBv8.jpg,Race 2,2013,hi,
Ram-Leela,2013,Sanjay Leela Bhansali,235984,/6Pph0xbOJvNPhWh1fdeWGHppSPH.jpg,Goliyon Ki Raasleela Ram-Leela,2013,hi,
Jolly LLB,2013,Subhash Kapoor,177358,/zmh8eBq0MdwqHl7NMyVOnAhNu7I.jpg,Jolly LLB,2013,hi,
PK,2014,Rajkumar Hirani,297222,/z2x2Y4tncefsIU7h82gmUM5vnBJ.jpg,PK,2014,hi,
Happy New Year,2014,Farah Khan,277432,/5kv0trpR00030JmZbLnLMBKIrtD.jpg,Happy New Year,2014,hi,
Bang Bang!,2014,Siddharth Anand,283589,/6ukTOJ3VNqrR0un8nolKoIlgn1V.jpg,Bang Bang!,2014,hi,
Kick,2014,Sajid Nadiadwala,280690,/muRGQIGFcHTyHimE2ru6RSjD8D6.jpg,Kick,2014,hi,
2 States,2014,Abhishek Verman,259720,/lOQqeKxZg12ZSn0qfHAOXOtbVFR.jpg,2 States,2014,hi,
Queen,2014,Vikas Bahl,247645,/vKLp0X2RQOuA31R3AdaYtDdKIPK.jpg,Queen,2014,hi,
Ek Villain,2014,Mohit Suri,276935,/tIMfMyCo7yeRqaRXmor5yJj14pV.jpg,Ek Villain,2014,hi,
Haider,2014,Vishal Bhardwaj,280795,/gjc39e8ywn4KeeuQnjI5BQtWBc6.jpg,Haider,2014,hi,
Highway,2014,Imtiaz Ali,252841,/xuTevYF35WDkElpm5vNBVaISkT9.jpg,Highway,2014,hi,
Mary Kom,2014,Omung Kumar,284288,/eI1rxHzxO2sWeeBMvr42buetYnd.jpg,Mary Kom,2014,hi,
Bajrangi Bhaijaan,2015,Kabir Khan,348892,/vhlliI7HZZlWfo5d6CiyfBAGLrW.jpg,Bajrangi Bhaijaan,2015,hi,
Prem Ratan Dhan Payo,2015,Sooraj Barjatya,362136,/pCxT9c2E0YhzxsSkweVW2ELO3mS.jpg,Prem Ratan Dhan Payo,2015,hi,
Bajirao Mastani,2015,Sanjay Leela Bhansali,362045,/eXKHjELZAbF7cVd9fzYMhvSsXDI.jpg,Bajirao Mastani,2015,hi,
Dilwale,2015,Rohit Shetty,370665,/pYgPu6hhOr61knwbestTx4vSdMb.jpg,Dilwale,2015,hi,
ABCD 2,2015,Remo D'Souza,336790,/7S0heTpQydVBSYl6yBxmqVyentQ.jpg,ABCD 2,2015,hi,
Tanu Weds Manu Returns,2015,Aanand L. Rai,336211,/sO3XD6ZDZetb2N6YDQrHLTVQrfq.jpg,Tanu Weds Manu: Returns,2015,hi,
Dil Dhadakne Do,2015,Zoya Akhtar,338065,/AqFX6282JM2ollS4XTFp6t6Dwa9.jpg,Dil Dhadakne Do,2015,hi,
Badlapur,2015,Sriram Raghavan,323517,/ePy0EqRwO2mi5RVH4X0MiUlMU8.jpg,Badlapur,2015,hi,
Pyaar Ka Punchnama 2,2015,Luv Ranjan,363413,/2EjMwAPh8ILLZloqr5U42BCoWMe.jpg,Pyaar Ka Punchnama 2,2015,hi,
Baahubali: The Beginning (Hindi),2015,S. S. Rajamouli,,,,,,NO_RESULTS
Sultan,2016,Ali Abbas Zafar,376812,/oarT8LL2XE0aPU9kXqrD249Z4rM.jpg,Sultan,2016,hi,
Ae Dil Hai Mushkil,2016,Karan Johar,393445,/hlDOF4UhUqrYY7gqLk3Rl0Fx4ns.jpg,Ae Dil Hai Mushkil,2016,hi,
Rustom,2016,Tinu Suresh Desai,392572,/xwf74VcrHu1etzOsRVx7nckPPLR.jpg,Rustom,2016,hi,
MS Dhoni: The Untold Story,2016,Neeraj Pandey,388333,/lUpMckVHaB55YJ3SMK0arwxKmCt.jpg,M.S. Dhoni: The Untold Story,2016,hi,
Airlift,2016,Raja Krishna Menon,375290,/oyaxIm3kTWDQtcYQ45eN5sZ6WIz.jpg,Airlift,2016,hi,
Neerja,2016,Ram Madhvani,376869,/alDRJWHI1TfqB9ev6cMbVE5P92x.jpg,Neerja,2016,hi,
Kapoor & Sons,2016,Shakun Batra,374173,/oPdcOInH8TqR5udDTDPiDuLSN90.jpg,Kapoor & Sons,2016,hi,
Fan,2016,Maneesh Sharma,377985,/ui7DYyQB4wsbBvom97KPNkldYWa.jpg,Fan,2016,hi,
Fitoor,2016,Abhishek Kapoor,376047,/7D8KKUspZVzr4pevoiP8G5vs6fI.jpg,Fitoor,2016,hi,
Deewar (Don't Breathe Hindi),2016,Jeethu Joseph,,,,,,NO_RESULTS
Tiger Zinda Hai,2017,Ali Abbas Zafar,441909,/mdzNLFfCfuBoJz43l0SmMWWdu5t.jpg,Tiger Zinda Hai,2017,hi,
Toilet: Ek Prem Katha,2017,Shree Narayan Singh,441875,/8YUBka56t4HcHLVMGnGA1WizpMV.jpg,Toilet: A Love Story,2017,hi,
Judwaa 2,2017,David Dhawan,456565,/3BlL1cbOTkzHSXTy3Lw95OfiCKX.jpg,Judwaa 2,2017,hi,
Baahubali 2: The Conclusion (Hindi),2017,S. S. Rajamouli,,,,,,NO_RESULTS
Jolly LLB 2,2017,Subhash Kapoor,412090,/n9MjoGmaYagaaETCQP0S6Ch3JLH.jpg,Jolly LLB 2,2017,hi,
Badrinath Ki Dulhania,2017,Shashank Khaitan,413646,/e1tV7gYSF5iw8NPR78sUHNb3YLU.jpg,Badrinath Ki Dulhania,2017,hi,
Hindi Medium,2017,Saket Chaudhary,456570,/2v0nQd3kYBV0iPNCVHiaLWGb1hg.jpg,Hindi Medium,2017,hi,
Tubelight,2017,Kabir Khan,441881,/hy7Ka19Vx2TwXA6OWZSe4XuMDlK.jpg,Tubelight,2017,hi,
Jab Harry Met Sejal,2017,Imtiaz Ali,441906,/yraJilUVLSd6BmQ4f1YtJGmcNkf.jpg,Jab Harry Met Sejal,2017,hi,
Kaabil,2017,Sanjay Gupta,403867,/ojs8b5N2BgFYoHCSb6vu0egZb6v.jpg,Kaabil,2017,hi,
Drishyam (Hindi),2017,Nishikant Kamat,,,,,,NO_RESULTS
Sanju,2018,Rajkumar Hirani,496328,/q1wkN4VQuBTj1AeyTLLz2w6awMA.jpg,Sanju,2018,hi,
Padmaavat,2018,Sanjay Leela Bhansali,432527,/5kk71s8Vmvt8XQOojevhTA5QcB0.jpg,Padmaavat,2018,hi,
Baaghi 2,2018,Ahmed Khan,496316,/nkjkHg9yCpPDM7COGCXfDtUJa2X.jpg,Baaghi 2,2018,hi,
Stree,2018,Amar Kaushik,533991,/2xLDWr72Wxc1JGmbxza2V8g26YH.jpg,Stree,2018,hi,
Andhadhun,2018,Sriram Raghavan,534780,/dy3K6hNvwE05siGgiLJcEiwgpdO.jpg,Andhadhun,2018,hi,
Badhaai Ho,2018,Amit Sharma,547654,/1RCzZkjxnL9MiAOP4oQQm63Ku0p.jpg,Badhaai Ho,2018,hi,
Raazi,2018,Meghna Gulzar,491629,/fF2xXApETxZqyluokyJ1x4gIiTf.jpg,Raazi,2018,hi,
Race 3,2018,Remo D'Souza,496320,/wtnA5mmNumYkeevokar6IskyrZP.jpg,Race 3,2018,hi,
Gold,2018,Reema Kagti,478682,/xCcdW6nHRcrKWraErYV5g3tut7Q.jpg,Gold,2018,hi,
October,2018,Shoojit Sircar,496527,/nHUBPUwXkHinq2rIXnnCHsPylD1.jpg,October,2018,hi,
War,2019,Siddharth Anand,585268,/yUtaHkL2SDIAZhRApZAyQrAXygn.jpg,War,2019,hi,
Kabir Singh,2019,Sandeep Reddy Vanga,577328,/unqiPjtc6CGqs13zho7ZvWU85zu.jpg,Kabir Singh,2019,hi,
Uri: The Surgical Strike,2019,Aditya Dhar,554600,/yNySAgpAnWmPpYinim9E0tUzJWG.jpg,Uri: The Surgical Strike,2019,hi,
Good Newwz,2019,Raj Mehta,643534,/1YWp8MdXZAZvXgnWyv2RgMaG3Ps.jpg,Good Newwz,2019,hi,
Bharat,2019,Ali Abbas Zafar,569594,/aawdjzVsfKvRRIFu9Ni74wZyjc8.jpg,Bharat,2019,hi,
Kesari,2019,Anurag Singh,498448,/ctjT1pMNAGD9ou0kuhz806tf7kX.jpg,Kesari,2019,hi,
Chhichhore,2019,Nitesh Tiwari,596650,/cGDPQtQ5igtPMt3oJ6BCAor6dFp.jpg,Chhichhore,2019,hi,
Super 30,2019,Vikas Bahl,534075,/n0LdZvEqZjnSQSHzzwryFBYjXk1.jpg,Super 30,2019,hi,
De De Pyaar De,2019,Akiv Ali,590401,/lKxbegRPahPDeOYeaDHhsNJDZU8.jpg,De De Pyaar De,2019,hi,
Article 15,2019,Anubhav Sinha,597089,/egknEWNt2B0slG2OC0gSpLZdVHj.jpg,Article 15,2019,hi,
Saaho (Hindi),2019,Sujeeth,,,,,,NO_RESULTS
Mission Mangal,2019,Jagan Shakti,611594,/yUR7yDFNXQSoA51G0PPjIXOG2C9.jpg,Mission Mangal,2019,hi,
Sooryavanshi,2020,Rohit Shetty,,,,,,NO_RESULTS
Dil Bechara,2020,Mukesh Chhabra,645484,/lMFjMrc8Bn0CQhtJDORfspXrWrK.jpg,Dil Bechara,2020,hi,
Gulabo Sitabo,2020,Shoojit Sircar,611356,/6ABuPqPqRv2iSDyLf9KJrLoNV2A.jpg,Gulabo Sitabo,2020,hi,
Roohi,2021,Hardik Mehta,694103,/10kCy34fbgU9nI5ScfMcCGebNgo.jpg,Roohi,2021,hi,
Radhe: Your Most Wanted Bhai,2021,Prabhu Deva,679844,/n6kZfTjuTK3P9ByRFTkBlUwdBRA.jpg,Radhe,2021,hi,
Hunterr,2021,Harshavardhan Kulkarni,,,,,,NO_RESULTS
Brahmastra Part One: Shiva,2022,Ayan Mukerji,496331,/x61qdvHIsr9U53FwoLVDQqAGur0.jpg,Brahmāstra Part One: Shiva,2022,hi,
Vikram Vedha,2022,Pushkar-Gayatri,851783,/8L4vvIQvO8viLw8wyi2slQmU2sW.jpg,Vikram Vedha,2022,hi,
Doctor G,2022,Anubhuti Kashyap,778625,/ojQbYD4pHKBrnxrG0FBdqGCHhlq.jpg,Doctor G,2022,hi,
Attack,2022,Lakshya Raj Anand,799155,/A9FjibQFfkPVrfQcM3dlY6fkYpJ.jpg,Attack,2022,hi,
Jug Jugg Jeeyo,2022,Raj Mehta,765019,/ovyWtXhPRKKpSyMUIVYBWiurggY.jpg,JugJugg Jeeyo,2022,hi,
Runway 34,2022,Ajay Devgn,766116,/8RlQEuxeRqHh7sWTRswdUC9kP3H.jpg,Runway 34,2022,hi,
Laal Singh Chaddha,2022,Advait Chandan,601635,/g5rNmcznZX0UPm8CGjfk7kHcAbq.jpg,Laal Singh Chaddha,2022,hi,
Samrat Prithviraj,2022,Chandraprakash Dwivedi,611598,/itjop20yizH1cwB44tIo5JivPSq.jpg,Samrat Prithviraj,2022,hi,
Rashtra Kavach Om,2022,Kapil Verma,764928,/kBZEDW004FLzPTdBpko6Qf4lACJ.jpg,Rashtra Kavach Om,2022,hi,
Salaar: Part 1 - Ceasefire (Hindi),2023,Prashanth Neel,,,,,,NO_RESULTS
Tu Jhoothi Main Makkaar,2023,Luv Ranjan,611359,/zHLtNP4KP0GMi6p1ACf2QvVnBvI.jpg,Tu Jhoothi Main Makkaar,2023,hi,
The Kerala Story,2023,Sudipto Sen,1117411,/g70f3hwn5jPaNzqPssoa9unlawo.jpg,The Kerala Story,2023,hi,
Bholaa,2023,Ajay Devgn,965606,/chmbRa3tKFq1KNMoyuU8Vf5hlke.jpg,Bholaa,2023,hi,
Adipurush,2023,Om Raut,734253,/1H2xEZOixs0z0JKwyjANZiKNNVJ.jpg,Adipurush,2023,hi,
OMG 2,2023,Amit Rai,888710,/kApiO3oL6t100aCtkcwEhk2kqgK.jpg,OMG 2,2023,hi,
Kisi Ka Bhai Kisi Ki Jaan,2023,Farhad Samji,966719,/yJ2JqgfWniQLnXPM5WkM7f1rqaY.jpg,Kisi Ka Bhai... Kisi Ki Jaan,2023,hi,
Mission Raniganj,2023,Tinu Suresh Desai,1131409,/3804yFLTPlMqG6Jxsm20aqcFEfU.jpg,Mission Raniganj,2023,hi,
Fighter,2024,Siddharth Anand,784651,/zqFuriKJ6pYDvf72kXNLONnuE8k.jpg,Fighter,2024,hi,
Maidaan,2024,Amit Ravindernath Sharma,668340,/eKbAVKQf6choCfasNWuYoSTOPBP.jpg,Maidaan,2024,hi,
Bade Miyan Chote Miyan,2024,Ali Abbas Zafar,936622,/ote8HmQOgmoAfqFaqVKsEdgD2q4.jpg,Bade Miyan Chote Miyan,2024,hi,
Kalki 2898 AD (Hindi),2024,Nag Ashwin,801688,/rstcAnBeCkxNQjNp3YXrF6IP1tW.jpg,Kalki 2898-AD,2024,te,
Pushpa 2: The Rule (Hindi),2024,Sukumar,,,,,,NO_RESULTS
Sky Force,2024,Abhishek Anil Kapur,,,,,,NO_RESULTS
Devara: Part 1 (Hindi),2024,Koratala Siva,,,,,,NO_RESULTS
Yodha,2024,Sagar Ambre,899718,/rkCRwuWgrkGTya4vLqwFugwSqeh.jpg,Yodha,2024,hi,
Auron Mein Kahan Dum Tha,2024,Neeraj Pandey,1083590,/cKvom4C6fGIM1sOKINkBi7oCqok.jpg,Auron Mein Kahan Dum Tha,2024,hi,
Khel Khel Mein,2024,Mudassar Aziz,1241592,/32P0oQf41HXbENRGtu2h0rqBF2k.jpg,Khel Khel Mein,2024,hi,
Vedaa,2024,Nikkhil Advani,1148486,/wK0p210TWMH4P3isT1bI0FVEuZ9.jpg,Vedaa,2024,hi,
Jigra,2024,Vasan Bala,1184889,/mhnT27mgtiMNowOhAlMWSqBoSyb.jpg,Jigra,2024,hi,
Bhool Bhulaiyaa 3,2024,Anees Bazmee,980599,/3AfHD1HoaQpQwKH8kxRdBKVmzeU.jpg,Bhool Bhulaiyaa 3,2024,hi,
Lucky Baskhar (Hindi),2024,Venky Atluri,,,,,,NO_RESULTS
Vicky Vidya Ka Woh Wala Video,2024,Raaj Shaandilyaa,1213712,/77gbFuFUfXx3OWv6pGhOAfHMBpg.jpg,Vicky Vidya Ka Woh Wala Video,2024,hi,
Deva,2024,Rosshan Andrrews,1337415,/gvBxyJrA10beYmU7hgzqShVpVck.jpg,Talvez Eu Deva Falar,2024,pt,
Game Changer (Hindi),2024,Shankar,,,,,,NO_RESULTS
Baby John,2024,A. Kaleeswaran,1083241,/5Oqsh17dq0cIRFPynPNy5elmyxW.jpg,Baby John,2024,hi,
Do Deewane Sehar Mein,2026,Ravi Udyawar,,,,,,NO_RESULTS
Dhamaal 4,2026,Indra Kumar,1303331,,Dhamaal 4,2026,hi,
Ramayana: Part One,2026,Nitesh Tiwari,,,,,,NO_RESULTS
Mirzapur – The Film,2026,TBC,,,,,,NO_RESULTS
Gabru,2026,,,,,,,NO_RESULTS
Vvan — Force of the Forrest,2026,,,,,,,NO_RESULTS
Chand Mera Dil,2026,,1371023,/9LPkXJustudEBgPZEm9tgDx5KtC.jpg,Chand Mera Dil,2026,hi,
Main Vaapas Aaunga,2026,,1431068,/qVoRgy52uGlvEESuLuSLdlojk74.jpg,Main Vaapas Aaunga,2026,hi,
Raftaar,2026,,1479690,/srvDYDyaYTh27ObUvOcggyT1ZGn.jpg,RaftaaR,2026,hi,
Lahore 1947,2026,,,,,,,NO_RESULTS
Khosla Ka Ghosla 2,2026,,1520508,/9cMcSUFYAKHNpOyHlwS77SMK7Y6.jpg,Khosla Ka Ghosla 2,2026,hi,
Dil,1990,Indra Kumar,65683,/aecBFir2aF59MOflpYimaFu7hnI.jpg,Dil,1990,hi,
Ashiqui,1990,Mahesh Bhatt,,,,,,NO_RESULTS
Ghayal,1990,Rajkumar Santoshi,71308,/r8n2JqfyxoL1qBEp8JnnyiFg2fU.jpg,Ghayal,1990,hi,
Awaargi,1990,J. P. Dutta,345141,/aWUbrlwErgcEfHp3zezjEIVbkzK.jpg,Awaargi,1990,hi,
Kishen Kanhaiya,1990,Rakesh Roshan,125297,/vcQyjd0jWT2VOImJRJIssajfOUz.jpg,Kishen Kanhaiya,1990,hi,
Saajan,1991,Lawrence D'Souza,107745,/wg4WBjFhYZeLaaQhE3NeFyfTn2Y.jpg,Saajan,1991,hi,
Hum,1991,Mukul Anand,65954,/blnhL1cIxjjLgNdlDA8tIbvbCCO.jpg,Hum,1991,hi,
Sadak,1991,Mahesh Bhatt,230435,/fFESWq8YQHRrwSJ9K8ThAxlDCx.jpg,Sadak,1991,hi,
Phool Aur Kaante,1991,Kuku Kohli,230437,/lNxSSYUK2RZtTo9rKCyzVq1twzM.jpg,Phool Aur Kaante,1991,hi,
Lamhe,1991,Yash Chopra,64879,/aw9xd5GhQkyaAsTblNi3XydvEcK.jpg,Lamhe,1991,hi,
Jo Jeeta Wohi Sikandar,1991,Mansoor Khan,,,,,,NO_RESULTS
Beta,1992,Indra Kumar,107747,/1RUOf9MCf8PsKxrefcwFqb0JCKL.jpg,Beta,1992,hi,
Khiladi,1992,Abbas-Mustan,161436,/Adar3XOiv7ckSbxnIWgsbb9XNGu.jpg,Khiladi,1992,hi,
Deewana,1992,Raj Kanwar,45001,/8liOcHgcghI3aQFxq8QCGKKqQKX.jpg,Deewana,1992,hi,
Darr,1992,Yash Chopra,1536676,/fEPIlhN0B2aMw0j91NF9uEdFmrm.jpg,A Tribute to Darren Millane,1992,en,
Roja,1992,Mani Ratnam,21463,/1ZHr93dgcJ6jSAYpKISemBmYoIy.jpg,Roja,1992,ta,
Dil Hai Ke Manta Nahin,1992,Mahesh Bhatt,,,,,,NO_RESULTS
Baazigar,1993,Abbas-Mustan,19657,/ndQQ2bTV0JLSRxUBchE4eD3qhDb.jpg,Baazigar,1993,hi,
Khalnayak,1993,Subhash Ghai,32295,/4mKDbADQt7kN1TEwH3ZDGZ29m0i.jpg,Khal Nayak,1993,hi,
Damini,1993,Rajkumar Santoshi,138934,/qHLHZG9aVO2zg3q5k5BIjvaEAsZ.jpg,Damini,1993,hi,
Aankhen,1993,David Dhawan,96147,/zuLd519jDNN4kXOd3m6IIMslXK3.jpg,Aankhen,1993,hi,
Gardish,1993,Priyadarshan,270916,/1lNyncr0NJMp7WFbfdPbkz05ZKc.jpg,Gardish,1993,hi,
Sir,1993,Mahesh Bhatt,171000,/aSGHWL8uQXdLMMsxo5viXHttUJW.jpg,Sir,1993,hi,
Hum Aapke Hain Koun,1994,Sooraj Barjatya,46387,/v5CutZgZgai1if2U2CPssiig7VW.jpg,Hum Aapke Hain Koun..!,1994,hi,
Andaz Apna Apna,1994,Rajkumar Santoshi,58128,/a0GV2V3yif2DbsMCSBrivvSHUWQ.jpg,Andaz Apna Apna,1994,hi,
Mohra,1994,Rajiv Rai,109028,/nWAptaCNiTIJtv9cYqfF5E7qm0I.jpg,Mohra,1994,hi,
1942: A Love Story,1994,Vidhu Vinod Chopra,33124,/nWJj37l6rIrpegYGoobLtdHOqV6.jpg,1942: A Love Story,1994,hi,
Yeh Dillagi,1994,Naresh Malhotra,161447,/7DelNAcFTGzYVqNRk28psaCytqj.jpg,Yeh Dillagi,1994,hi,
Main Khiladi Tu Anari,1994,Sameer Malkan,46403,/jEjbBLJOFVY0QDXSiF5vg5zWdOV.jpg,Main Khiladi Tu Anari,1994,hi,
Krantiveer,1994,Mehul Kumar,143980,/lfVjv2SqiqgCfo0EWwLYjpgTlVu.jpg,Krantiveer,1994,hi,
Dilwale Dulhania Le Jayenge,1995,Aditya Chopra,19404,/2CAL2433ZeIihfX1Hb2139CX0pW.jpg,Dilwale Dulhania Le Jayenge,1995,hi,
Rangeela,1995,Ram Gopal Varma,21570,/tUGVpmgWhsg9rZCDNSUW7MJWSKf.jpg,Rangeela,1995,hi,
Karan Arjun,1995,Rakesh Roshan,93519,/uYhjsC9gCKhxiG2enkCJgdLOXjB.jpg,Karan Arjun,1995,hi,
Coolie No. 1,1995,David Dhawan,63345,/pxdbdWA6EQb15YIEhRVt5iIdStA.jpg,Coolie No. 1,1995,hi,
Akele Hum Akele Tum,1995,Mansoor Khan,16894,/xpCbEiAstlOOIhjbQhQrTHF4ZEg.jpg,Akele Hum Akele Tum,1995,hi,
Bombay,1995,Mani Ratnam,26247,/g1FXpdQogl84eztCsLI3h8Kmp69.jpg,Bombay,1995,ta,
Suhaag,1995,Paresh Rawal,,,,,,NO_RESULTS
Raja Hindustani,1996,Dharmesh Darshan,21566,/m4Uy3dHYmnYgvZ0U2xK5alazBFR.jpg,Raja Hindustani,1996,hi,
Khiladiyon Ka Khiladi,1996,Abbas-Mustan,230454,/aJdqZqyDgByRhrQE312iF5GAIvs.jpg,Khiladiyon Ka Khiladi,1996,hi,
Jeet,1996,Raj Kanwar,141613,/rc16sRaw8S4EnXZFcwywdks97LG.jpg,Jeet,1996,hi,
Agni Sakshi,1996,Partho Ghosh,66292,/ylH8UvFRzapsmbgtdkwoFHiPmoj.jpg,Agni Sakshi,1996,hi,
Mr. Bechara,1996,Sachin Pilgaonkar,142136,/sldMFon3HsvEPofH5UArFm2pEne.jpg,Mr. Bechara,1996,hi,
Vijaypath,1996,Faruk Siddiqi,,,,,,NO_RESULTS
Trimurti,1996,Mukul Anand,,,,,,NO_RESULTS
Dil To Pagal Hai,1997,Yash Chopra,13986,/HKUrZZbXnwCM4129fPlgHEg0eG.jpg,Dil To Pagal Hai,1997,hi,
Border,1997,J. P. Dutta,33125,/vYih9kPSCh6CrJsZFWugXOY0ySj.jpg,Border,1997,hi,
Judwaa,1997,David Dhawan,161238,/hC1prtsvTKSUh6FzRun7zD0XXUB.jpg,Judwaa,1997,hi,
Mrityudand,1997,Prakash Jha,272565,/jK9Mg1Of6fsJ6YPPWoEb0Ezj7HF.jpg,Mrityudand,1997,hi,
Pardes,1997,Subhash Ghai,25519,/cUiM7V2hK540SN9Wd6UXZPGcDBH.jpg,Pardes,1997,hi,
Koyla,1997,Rakesh Roshan,160265,/rP12AzvscPo6WfKdrkw1Nfv2KrK.jpg,Koyla,1997,hi,
Ishq,1997,Indra Kumar,29988,/38xVYSuVXIJS1iyEaRm8wtjotZB.jpg,Ishq,1997,hi,
Virasat,1997,Priyadarshan,166259,/hfbE6xLSmFhCRZbHm12VjLbMXGA.jpg,Virasat,1997,hi,
Kuch Kuch Hota Hai,1998,Karan Johar,11854,/5FmtHHDGPofW5Zjns1EM1D8503c.jpg,Kuch Kuch Hota Hai,1998,hi,
Duplicate,1998,Mahesh Bhatt,159090,/ylBsNn4xkMlZPk1beZuuwFqrWUK.jpg,Duplicate,1998,hi,
Pyaar To Hona Hi Tha,1998,Anees Bazmee,60397,/7AxLqNWoZIzvqdNAyb62JwDHr4W.jpg,Pyaar To Hona Hi Tha,1998,hi,
Soldier,1998,Abbas-Mustan,54959,/awlSDbrGNuyk9PBrWm8owf2BLYe.jpg,Soldier,1998,hi,
Dil Se,1998,Mani Ratnam,21210,/rCoGw9cp0EY2Rd504iqqjSDtepF.jpg,Dil Se..,1998,hi,
Satya,1998,Ram Gopal Varma,21502,/wwgpEEGU5RVu5hM7AZa6oiivcln.jpg,Satya,1998,hi,
Ghulam,1998,Vikram Bhatt,51216,/b1Nq1gKCp7JhwkCzmb5x9XGkmLu.jpg,Ghulam,1998,hi,
Hero No. 1,1998,David Dhawan,,,,,,NO_RESULTS
China Gate,1998,Rajkumar Santoshi,103048,/83Z4Vx01zIwftnpeoELknrGz8Lu.jpg,China Gate,1998,hi,
Hum Saath-Saath Hain,1999,Sooraj Barjatya,62883,/lEAEzpAfSyBZc5sw1NBnWr5TeZU.jpg,Hum Saath Saath Hain,1999,hi,
Taal,1999,Subhash Ghai,20929,/n2VsCd4wPIEMTWQBxBJVKVAOeTk.jpg,Taal,1999,hi,
Sarfarosh,1999,John Matthew Matthan,31524,/i6XJCzajVcnfh5ljAn7AGub5vih.jpg,Sarfarosh,1999,hi,
Sirf Tum,1999,Sooraj Barjatya,166013,/c9w9QOJCVyBBApsD1E16kxG6YBo.jpg,Sirf Tum,1999,hi,
Haseena Maan Jaayegi,1999,David Dhawan,30321,/pNZkVQOpSFkOEVRIXJGUInFNE5w.jpg,Haseena Maan Jaayegi,1999,hi,
Biwi No.1,1999,David Dhawan,161226,/4c787y8j6XCuJHDv13Yuwu0FHmw.jpg,Biwi No.1,1999,hi,
Vaastav: The Reality,1999,Mahesh Manjrekar,146270,/fsB57eZ0EJ9nXLxgfjQG9iYiswH.jpg,Vaastav,1999,hi,
Karobaar: The Business of Love,1999,Rakesh Roshan,,,,,,NO_RESULTS
Kaho Naa... Pyaar Hai,2000,Rakesh Roshan,16987,/alALytPcaZyQkzOjnRgHMSRv8fq.jpg,Kaho Naa... Pyaar Hai,2000,hi,
Mohabbatein,2000,Aditya Chopra,11518,/dDsYaBazrYKg9bv8qgsEohZQMat.jpg,Mohabbatein,2000,hi,
Mission Kashmir,2000,Vidhu Vinod Chopra,46406,/tf2kw9HfzuowczsT7VDVR5KQxJH.jpg,Mission Kashmir,2000,hi,
Josh,2000,Mansoor Khan,131940,/epulB8WC1mGIEFJPZr50LVCKt6k.jpg,Josh,2000,hi,
Mela,2000,Dharmesh Darshan,159666,/rPF46QLaBni9PXvbjmA8zSeaiJ5.jpg,Mela,2000,hi,
Refugee,2000,J. P. Dutta,166231,/gr8xmJPVUzNRpoIijXco6FMUjbK.jpg,Refugee,2000,hi,
Fiza,2000,Khalid Mohamed,56666,/qS043WN2PK3tKljRyQKh8SXRHk5.jpg,Fiza,2000,hi,
Dhadkan,2000,Dharmesh Darshan,35064,/icWt3AGrkXToqWyBviHEfG7auQV.jpg,Dhadkan,2000,hi,
Mughal-E-Azam (Tamil),2000,K. Asif,,,,,,NO_RESULTS
Lagaan,2001,Ashutosh Gowariker,19666,/yNX9lFRAFeNLNRIXdqZK9gYrYKa.jpg,Lagaan: Once Upon a Time in India,2001,hi,
Dil Chahta Hai,2001,Farhan Akhtar,14752,/c6Cicaf2FFmfcInfsbPTxMLk5CS.jpg,Dil Chahta Hai,2001,hi,
Gadar: Ek Prem Katha,2001,Anil Sharma,80156,/yItg48ViirZHWmuD15reEyMfr4x.jpg,Gadar: Ek Prem Katha,2001,hi,
Kabhi Khushi Kabhie Gham,2001,Karan Johar,10757,/eJrD94E1msYEa0DygvkvdEKpChm.jpg,Kabhi Khushi Kabhie Gham,2001,hi,
Yaadein,2001,Subhash Ghai,39837,/hCNl3EkwEAmuZt8vxq9gyGG3e7e.jpg,Yaadein,2001,hi,
Aks,2001,Rakeysh Omprakash Mehra,152035,/4vGi15Vx0KsU9ngvE6jpB2lSXhq.jpg,Aks,2001,hi,
Asoka,2001,Santosh Sivan,4435,/ckFDMqLjhsYo2kH3X5auV1NnjPM.jpg,Aśoka,2001,hi,
Mujhe Kucch Kehna Hai,2001,Satish Kaushik,210068,/u2YYZYm5NAKTI4cNfl3dgt3HBfo.jpg,Mujhe Kucch Kehna Hai,2001,hi,
Devdas,2002,Sanjay Leela Bhansali,15917,/dUBFi7bnLRfm4WaTh4ZoF2tbBJj.jpg,Devdas,2002,hi,
Hum Tumhare Hain Sanam,2002,K. S. Adiyaman,90634,/46IXH3NtlWv2i7IeFigT5yb5T5.jpg,Hum Tumhare Hain Sanam,2002,hi,
Saathiya,2002,Shaad Ali,20656,/905TrVqL3R6PmaT2difJaB6I0OM.jpg,Saathiya,2002,hi,
Kaante,2002,Sanjay Gupta,35907,/ekNwKxMMXy5pWauS9FqnuzhXAE9.jpg,Kaante,2002,hi,
Company,2002,Ram Gopal Varma,15761,/1A2J7bYryOmBVBU8qpTs3fta0hv.jpg,Company,2002,hi,
Raaz,2002,Vikram Bhatt,20731,/6dMZIg4hgc5tF50NbmXYb0yIlrj.jpg,Raaz,2002,hi,
Jism,2002,Pooja Bhatt,,,,,,NO_RESULTS
Mujhse Dosti Karoge!,2002,Kunal Kohli,26277,/mHByEO7KRpABh1HvNoel3L6Y74O.jpg,Mujhse Dosti Karoge!,2002,hi,
Kal Ho Naa Ho,2003,Nikhil Advani,4254,/zhMI6I0kSLnewTMwE0A8Tz3Cj2f.jpg,Kal Ho Naa Ho,2003,hi,
Koi... Mil Gaya,2003,Rakesh Roshan,25516,/2iJVauDYcYxRRGciTmAOSjiATf9.jpg,Koi... Mil Gaya,2003,hi,
Chalte Chalte,2003,Aziz Mirza,4252,/7eux23WmDXUkmgLdMdxuuFn9II4.jpg,Chalte Chalte,2003,hi,
Main Hoon Na,2003,Farah Khan,165402,/1ubxLXZbSXi3MWk8nZRBDEoqfB0.jpg,Main Prem Ki Diwani Hoon,2003,hi,
Munnabhai M.B.B.S.,2003,Rajkumar Hirani,19625,/OjJ2eZFMr0InHxjYCQXwxDoo4v.jpg,Munna Bhai M.B.B.S.,2003,hi,
Baghban,2003,Ravi Chopra,39839,/p6NPup58fPjIEAU9tKU4XpQhtTA.jpg,Baghban,2003,hi,
Armaan,2003,Honey Irani,73259,/iUWnIdPCPA38i8eq9hpEBDTAeBM.jpg,Armaan,2003,hi,
Tere Naam,2003,Satish Kaushik,56969,/tnsOmOZsVdfLLwK693TCtSZpvFX.jpg,Tere Naam,2003,hi,
Ishq Vishk,2003,Ken Ghosh,41901,/h3ipvgyBjWS6nTeO4iB75vKulgL.jpg,Ishq Vishk,2003,hi,
Veer-Zaara,2004,Yash Chopra,4251,/j267YqLvKAHeyykTflxzpgVgviQ.jpg,Veer-Zaara,2004,hi,
Dhoom,2004,Sanjay Gadhvi,17478,/A7fxXAsuYEohxYNl8YeH3FYkuDv.jpg,Dhoom,2004,hi,
Hum Tum,2004,Kunal Kohli,4253,/u4ctCNPq6qfwnUyZzAfxEzdJ0Lq.jpg,Hum Tum,2004,hi,
Yuva,2004,Mani Ratnam,43410,/8cMCIsULa0IrZq0KkCLejMINWmq.jpg,Yuva,2004,hi,
Murder,2004,Anurag Basu,20534,/j14NjDFy7QQWHDSzfO9EkZvc9ZF.jpg,Murder,2004,hi,
Swades,2004,Ashutosh Gowariker,15774,/yUSL24kpHc9Nls4Pohia4shgcIM.jpg,Swades,2004,hi,
Ek Hasina Thi,2004,Sriram Raghavan,135199,/5pwOhZM9iYbQyxEX67ja4K1Cyof.jpg,Ek Hasina Thi,2004,hi,
Lakshya,2004,Farhan Akhtar,21175,/ctB8RWoK2LHn5skqN4eUWVSvpyM.jpg,Lakshya,2004,hi,
No Entry,2005,Anees Bazmee,20390,/h1ErmexOhpRsVYPil9PQOJVRu2j.jpg,No Entry,2005,hi,
Bunty Aur Babli,2005,Shaad Ali,11763,/32OxUzs9ETQ3QvLFFYaDuuAtq3Y.jpg,Bunty Aur Babli,2005,hi,
Black,2005,Sanjay Leela Bhansali,31977,/cFICDU9erHYmlAyCZzbb1adNMgh.jpg,Black,2005,hi,
Salaam Namaste,2005,Siddharth Anand,15084,/wL1lm92Da9R7VEPXD0ZCSt1kuUd.jpg,Salaam Namaste,2005,hi,
Bluffmaster!,2005,Rohan Sippy,19620,/pekKOkIrc1fOwurlwqXR4g6K5sB.jpg,Bluffmaster!,2005,hi,
Mangal Pandey: The Rising,2005,Ketan Mehta,20496,/sNbujMdQQavUFvUCDhoFtKkpYL7.jpg,Mangal Pandey - The Rising,2005,hi,
Sarkar,2005,Ram Gopal Varma,20968,/rxruLUuejw1By5KMZVbhN8VJv9O.jpg,Sarkar,2005,hi,
Paheli,2005,Amol Palekar,33081,/1oQ8mBfBKcVT758y1949ULkSXER.jpg,Paheli,2005,hi,
Dhoom 2,2006,Sanjay Gadhvi,14194,/gTqef9ZqiAl4Bb2ESdAVUdMwDwa.jpg,Dhoom 2,2006,hi,
Kabhi Alvida Naa Kehna,2006,Karan Johar,14395,/lwgH4S0km8lD7rk5qy78EKW8YEn.jpg,Kabhi Alvida Naa Kehna,2006,hi,
Lage Raho Munna Bhai,2006,Rajkumar Hirani,21461,/tMARXMYsN1f4FZe9xsfCd0F3lkE.jpg,Lage Raho Munna Bhai,2006,hi,
Don,2006,Farhan Akhtar,17501,/4HyRXNJ4U3H5yP9XjeTGWtlUlJN.jpg,Don,2006,hi,
Rang De Basanti,2006,Rakeysh Omprakash Mehra,7913,/f1bF8CHzEu621bPSIg6XiUNAabh.jpg,Rang De Basanti,2006,hi,
Fanaa,2006,Kunal Kohli,8453,/4A17fF6K6WAvv4Ces0CgpMZRee4.jpg,Fanaa,2006,hi,
Vivah,2006,Sooraj Barjatya,33142,/e5zFYX3hW1TNeFCzRw7ET2DxRPm.jpg,Vivah,2006,hi,
Omkara,2006,Vishal Bhardwaj,14705,/y3D8ziFHDt9wrid8XQdBC2dzGTH.jpg,Omkara,2006,hi,
Om Shanti Om,2007,Farah Khan,8079,/oArsQTD4bPPMtRjqr03SO9W6phF.jpg,Om Shanti Om,2007,hi,
Chak De! India,2007,Shimit Amin,14163,/mmFMgEsTRCAGAtwffGpuo3mJsxN.jpg,Chak De! India,2007,hi,
Bheja Fry,2007,Sagar Ballary,15411,/2Wqlcf63EvabGzVffPppfpWlx2B.jpg,Bheja Fry,2007,hi,
Welcome,2007,Anees Bazmee,20294,/fudxnXlTTBIDCkpR7XhlIgkNaUY.jpg,Welcome,2007,hi,
Jab We Met,2007,Imtiaz Ali,11807,/iqiH6vnoEgjAypKsuIScN7JlE2j.jpg,Jab We Met,2007,hi,
Saawariya,2007,Sanjay Leela Bhansali,16283,/k5JRtA6Np3n0nTr11QK6Pt9gm4r.jpg,Saawariya,2007,hi,
Partner,2007,David Dhawan,27298,/rhbGzciEezbxrjnSKlKRyP3wNg4.jpg,Partner,2007,hi,
Taare Zameen Par,2007,Aamir Khan,7508,/puHRt6Raovm5ujGCdwLWvRv4NHU.jpg,Like Stars on Earth,2007,hi,
Ghajini,2008,A. R. Murugadoss,14070,/kaj131xxVxJRCthraiaxRrCt7X.jpg,Ghajini,2008,hi,
Jodhaa Akbar,2008,Ashutosh Gowariker,14073,/gPjgeywFNTlh9IUuXWy85nn4h8J.jpg,Jodhaa Akbar,2008,hi,
Singh Is Kinng,2008,Anees Bazmee,12273,/w2szK0vL9NzFsp3FHHEaeqGigjX.jpg,Singh Is Kinng,2008,hi,
Dostana,2008,Tarun Mansukhani,14071,/obwjlgNI2NFZupMuJBbKgH3IhQp.jpg,Dostana,2008,hi,
Rock On!!,2008,Abhishek Kapoor,19672,/cckTZXVpchMrljPouFf7u2wqUTX.jpg,Rock On!!,2008,hi,
Yuvvraaj,2008,Subhash Ghai,20358,/iZHd6JS8dxsEo4DN4DnIKTHQp4h.jpg,Yuvvraaj,2008,hi,
Race,2008,Abbas-Mustan,19658,/krMI3hRmlgKcuNc3XBWtl8APasR.jpg,Race,2008,hi,
Love Story 2050,2008,Harry Baweja,20493,/rBQ6MeIKHqD67JJSryBzlYu3nUz.jpg,Love Story 2050,2008,hi,
3 Idiots,2009,Rajkumar Hirani,20453,/66A9MqXOyVFCssoloscw79z8Tew.jpg,3 Idiots,2009,hi,
Love Aaj Kal,2009,Imtiaz Ali,19663,/36hkylLil37eF45uIeSTe31NRVq.jpg,Love Aaj Kal,2009,hi,
De Dana Dan,2009,Priyadarshan,25867,/htOpALyz5x1Ee7YuZpaRCPEwEuX.jpg,De Dana Dan,2009,hi,
Ajab Prem Ki Ghazab Kahani,2009,Rajkumar Santoshi,24827,/6IC8PQZAynsUAh0MDvopR3zDTRk.jpg,Ajab Prem Ki Ghazab Kahani,2009,hi,
Wanted,2009,Prabhu Deva,22717,/nymzAr2uEWxnDTfoIjUbh7a1UuB.jpg,Wanted,2009,hi,
Kaminey,2009,Vishal Bhardwaj,20688,/4bdPi4rjb4m3Ks806FBsEQYQTo6.jpg,Kaminey,2009,hi,
New York,2009,Kabir Khan,19616,/yFp4MiFPNGPiLOnl5zZGnS13jAL.jpg,New York,2009,hi,
Dil Bole Hadippa!,2009,Anurag Singh,22609,/zt6r5WddPoBaXW6knwQWRnor61F.jpg,Dil Bole Hadippa!,2009,hi,
Paa,2009,R. Balki,26379,/vslu8ixLEceu5qM0CnXMl4mavY9.jpg,Paa,2009,hi,
Dev D,2009,Anurag Kashyap,15977,/A2SILF5dOBrAJU52DlmMyR5xzDx.jpg,Dev.D,2009,hi,
