theatreId,name,chain,metro,zipFound,pageUrl
aacwy,AMC Puente Hills 20,AMC,LA,91744,/amc-puente-hills-20-aacwy/theater-page
aabwo,AMC Norwalk 20,AMC,LA,91744,/amc-norwalk-20-aabwo/theater-page
aaaox,AMC Fullerton 20,AMC,LA,91744,/amc-fullerton-20-aaaox/theater-page
aaegj,Cinemark Century Orange and XD,Cinemark,LA,91744,/cinemark-century-orange-and-xd-aaegj/theater-page
aamzh,Regal Edwards Long Beach,Regal,LA,91744,/regal-edwards-long-beach-aamzh/theater-page
aajmr,AMC Orange 30 (AMC Block 30),AMC,LA,91744,/amc-orange-30-amc-block-30-aajmr/theater-page
aattf,Cinemark Century Huntington Beach and XD,Cinemark,LA,91744,/cinemark-century-huntington-beach-and-xd-aattf/theater-page
aacgs,AMC Ontario Mills 30,AMC,LA,91744,/amc-ontario-mills-30-aacgs/theater-page
aaapc,AMC Burbank Town Center 8,AMC,LA,91744,/amc-burbank-town-center-8-aaapc/theater-page
aaapi,AMC Rolling Hills 20,AMC,LA,91744,/amc-rolling-hills-20-aaapi/theater-page
aatbd,Regal Edwards Corona Crossings,Regal,LA,91744,/regal-edwards-corona-crossings-aatbd/theater-page
aabtb,Regal Irvine Spectrum,Regal,LA,91744,/regal-irvine-spectrum-aabtb/theater-page
aajmp,AMC Northridge 10,AMC,LA,91744,/amc-northridge-10-aajmp/theater-page
aauaq,Harkins Moreno Valley 16,Harkins,LA,91744,/harkins-moreno-valley-16-aauaq/theater-page
aanra,Regal Simi Valley Civic Center,Regal,LA,91744,/regal-simi-valley-civic-center-aanra/theater-page
aaijt,Regal Edwards San Marcos,Regal,LA,92618,/regal-edwards-san-marcos-aaijt/theater-page
aaqmo,Cinemark Century at the River and XD,Cinemark,LA,92551,/cinemark-century-at-the-river-and-xd-aaqmo/theater-page
aankh,Regal Rancho Mirage & IMAX,Regal,LA,92551,/regal-rancho-mirage-and-imax-aankh/theater-page
aawqb,Cinemark Century at Pacific Commons and XD,Cinemark,SF Bay,94538,/cinemark-century-at-pacific-commons-and-xd-aawqb/theater-page
aaxse,AMC NewPark 12,AMC,SF Bay,94538,/amc-newpark-12-aaxse/theater-page
aaxsl,Ciné Lounge Fremont 7,Independent/Desi,SF Bay,94538,/cine-lounge-fremont-7-aaxsl/theater-page
aapcg,Cinemark Century Great Mall 20 XD and ScreenX,Cinemark,SF Bay,94538,/cinemark-century-great-mall-20-xd-and-screenx-aapcg/theater-page
aadyn,AMC Mercado 20,AMC,SF Bay,94538,/amc-mercado-20-aadyn/theater-page
aanay,Cinemark Century Union Landing 25 and XD,Cinemark,SF Bay,94538,/cinemark-century-union-landing-25-and-xd-aanay/theater-page
aaytc,AMC Sunnyvale 12,AMC,SF Bay,94538,/amc-sunnyvale-12-aaytc/theater-page
aavac,Cinemark Century at Hayward,Cinemark,SF Bay,94538,/cinemark-century-at-hayward-aavac/theater-page
aaubf,Cinemark Century Redwood Downtown 20 and XD,Cinemark,SF Bay,94538,/cinemark-century-redwood-downtown-20-and-xd-aaubf/theater-page
aaecu,AMC Saratoga 14,AMC,SF Bay,94538,/amc-saratoga-14-aaecu/theater-page
aatul,AMC Eastridge 15,AMC,SF Bay,95035,/amc-eastridge-15-aatul/theater-page
aarbx,Cinemark Century Oakridge 20 XD and ScreenX,Cinemark,SF Bay,95035,/cinemark-century-oakridge-20-xd-and-screenx-aarbx/theater-page
aaopk,"Regal Hacienda Crossings ScreenX, IMAX & RPX",Regal,SF Bay,95035,/regal-hacienda-crossings-screenx-imax-and-rpx-aaopk/theater-page
aaqsg,Cinemark Century San Mateo 12,Cinemark,SF Bay,95035,/cinemark-century-san-mateo-12-aaqsg/theater-page
aahcv,Cinemark Tracy 14,Cinemark,SF Bay,95035,/cinemark-tracy-14-aahcv/theater-page
aarar,Cinemark Century Walnut Creek 14 and XD,Cinemark,SF Bay,95035,/cinemark-century-walnut-creek-14-and-xd-aarar/theater-page
aautx,Cinemark Century at Tanforan and XD,Cinemark,SF Bay,95035,/cinemark-century-at-tanforan-and-xd-aautx/theater-page
aaqqa,AMC Bay Street 16,AMC,SF Bay,95035,/amc-bay-street-16-aaqqa/theater-page
aaqlt,Cinemark Century Daly City 20 XD and IMAX,Cinemark,SF Bay,95035,/cinemark-century-daly-city-20-xd-and-imax-aaqlt/theater-page
aagbk,Apple Cinemas Van Ness,Independent/Desi,SF Bay,95035,/apple-cinemas-van-ness-aagbk/theater-page
aaqal,Cinemark Century Hilltop 16,Cinemark,SF Bay,94566,/cinemark-century-hilltop-16-aaqal/theater-page
aavad,AMC Manteca 16,AMC,SF Bay,94566,/amc-manteca-16-aavad/theater-page
aarfb,Regal Stockton City Center & IMAX,Regal,SF Bay,94566,/regal-stockton-city-center-and-imax-aarfb/theater-page
aapis,Cinemark Century Vallejo 14,Cinemark,SF Bay,94566,/cinemark-century-vallejo-14-aapis/theater-page
aacfc,Cinemark Century Folsom 14,Cinemark,Sacramento,95630,/cinemark-century-folsom-14-aacfc/theater-page
aatje,Regal El Dorado Hills & IMAX,Regal,Sacramento,95630,/regal-el-dorado-hills-and-imax-aatje/theater-page
aaywe,Cinemark Roseville Galleria Mall and XD,Cinemark,Sacramento,95630,/cinemark-roseville-galleria-mall-and-xd-aaywe/theater-page
aanky,"Regal Natomas Marketplace ScreenX, 4DX & RPX",Regal,Sacramento,95630,/regal-natomas-marketplace-screenx-4dx-and-rpx-aanky/theater-page
aacfa,Cinemark Century Laguna 16 and XD,Cinemark,Sacramento,95630,/cinemark-century-laguna-16-and-xd-aacfa/theater-page
aavbg,Cinemark Yuba City,Cinemark,Sacramento,95630,/cinemark-yuba-city-aavbg/theater-page
aaove,Regal Edwards Mira Mesa ,Regal,San Diego,92126,/regal-edwards-mira-mesa-aaove/theater-page
aabnh,AMC Mission Valley 20,AMC,San Diego,92126,/amc-mission-valley-20-aabnh/theater-page
aafxq,AMC Fashion Valley 18,AMC,San Diego,92126,/amc-fashion-valley-18-aafxq/theater-page
aajnl,Regal Parkway Plaza,Regal,San Diego,92126,/regal-parkway-plaza-aajnl/theater-page
aaxpf,Galaxy Fresno,Independent/Desi,Fresno/Cent CA,93720,/galaxy-fresno-aaxpf/theater-page
aaugv,Sierra Vista Cinemas 16,Independent/Desi,Fresno/Cent CA,93720,/sierra-vista-cinemas-16-aaugv/theater-page
aaede,Regal Edwards Bakersfield,Regal,Fresno/Cent CA,93311,/regal-edwards-bakersfield-aaede/theater-page
aaoxj,AMC Stonebriar 24,AMC,DFW,75024,/amc-stonebriar-24-aaoxj/theater-page
aacut,Cinemark West Plano and XD,Cinemark,DFW,75024,/cinemark-west-plano-and-xd-aacut/theater-page
aayyj,Galaxy Grandscape,Independent/Desi,DFW,75024,/galaxy-grandscape-aayyj/theater-page
aacbz,Cinemark Central Plano,Cinemark,DFW,75024,/cinemark-central-plano-aacbz/theater-page
aawfx,Cinemark Frisco Square and XD,Cinemark,DFW,75024,/cinemark-frisco-square-and-xd-aawfx/theater-page
aanhh,Cinemark Legacy and XD,Cinemark,DFW,75024,/cinemark-legacy-and-xd-aanhh/theater-page
aatzm,Cinemark Allen 16 and XD,Cinemark,DFW,75024,/cinemark-allen-16-and-xd-aatzm/theater-page
aayob,"CUT! by Cinemark Frisco - Dine-in Theatre, Kitchen",Cinemark,DFW,75024,/cut-by-cinemark-frisco-dine-in-theatre-kitchen-aayob/theater-page
aaudu,Cinemark Lewisville and XD,Cinemark,DFW,75024,/cinemark-lewisville-and-xd-aaudu/theater-page
aacbt,Cinemark Dallas XD and IMAX,Cinemark,DFW,75024,/cinemark-dallas-xd-and-imax-aacbt/theater-page
aayoy,Cinemark North McKinney and XD,Cinemark,DFW,75024,/cinemark-north-mckinney-and-xd-aayoy/theater-page
aatvs,AMC Firewheel 18,AMC,DFW,75024,/amc-firewheel-18-aatvs/theater-page
aaego,AMC Grapevine Mills 24,AMC,DFW,75063,/amc-grapevine-mills-24-aaego/theater-page
aacrp,AMC Irving Mall 14,AMC,DFW,75063,/amc-irving-mall-14-aacrp/theater-page
aacbr,Cinemark Tinseltown Grapevine and XD,Cinemark,DFW,75063,/cinemark-tinseltown-grapevine-and-xd-aacbr/theater-page
aatcg,Cinemark North East Mall 18 and XD,Cinemark,DFW,75063,/cinemark-north-east-mall-18-and-xd-aatcg/theater-page
aaxpt,Cinemark Roanoke and XD,Cinemark,DFW,75063,/cinemark-roanoke-and-xd-aaxpt/theater-page
aaqpe,AMC The Parks At Arlington 18,AMC,DFW,76013,/amc-the-parks-at-arlington-18-aaqpe/theater-page
aacbv,Cinemark Grand Prairie,Cinemark,DFW,76013,/cinemark-grand-prairie-aacbv/theater-page
aatfb,Cinemark Denton 14,Cinemark,DFW,76210,/cinemark-denton-14-aatfb/theater-page
aafle,AMC Mesquite 30,AMC,DFW,75080,/amc-mesquite-30-aafle/theater-page
aatta,Cinemark Rockwall 14 and XD,Cinemark,DFW,75201,/cinemark-rockwall-14-and-xd-aatta/theater-page
aamzu,Cinemark Katy and XD,Cinemark,Houston,77450,/cinemark-katy-and-xd-aamzu/theater-page
aanrv,AMC Katy Mills 20,AMC,Houston,77450,/amc-katy-mills-20-aanrv/theater-page
aauis,Cinemark Memorial City,Cinemark,Houston,77450,/cinemark-memorial-city-aauis/theater-page
aacxa,AMC Loews Fountains 18,AMC,Houston,77450,/amc-loews-fountains-18-aacxa/theater-page
aaepb,AMC First Colony 24,AMC,Houston,77450,/amc-first-colony-24-aaepb/theater-page
aatui,Cinemark Cypress and XD,Cinemark,Houston,77450,/cinemark-cypress-and-xd-aatui/theater-page
aacmr,Cinemark Tinseltown Houston 290 and XD,Cinemark,Houston,77494,/cinemark-tinseltown-houston-290-and-xd-aacmr/theater-page
aaodo,AMC Willowbrook 24,AMC,Houston,77494,/amc-willowbrook-24-aaodo/theater-page
aanzg,Regal Edwards Greenway Grand Palace ScreenX & RPX,Regal,Houston,77494,/regal-edwards-greenway-grand-palace-screenx-and-rpx-aanzg/theater-page
aayxm,Cinemark Missouri City and XD,Cinemark,Houston,77494,/cinemark-missouri-city-and-xd-aayxm/theater-page
aacct,Cinemark The Woodlands and XD,Cinemark,Houston,77494,/cinemark-the-woodlands-and-xd-aacct/theater-page
aayuh,"Regal Benders Landing 4DX, ScreenX, RPX & VIP",Regal,Houston,77494,/regal-benders-landing-4dx-screenx-rpx-and-vip-aayuh/theater-page
aacbh,AMC Deerbrook 24,AMC,Houston,77494,/amc-deerbrook-24-aacbh/theater-page
aaepa,AMC Gulf Pointe 30,AMC,Houston,77494,/amc-gulf-pointe-30-aaepa/theater-page
aaccv,Cinemark Hollywood Pasadena and XD,Cinemark,Houston,77494,/cinemark-hollywood-pasadena-and-xd-aaccv/theater-page
aaunk,Cinemark Cedar Park,Cinemark,Austin,78717,/cinemark-cedar-park-aaunk/theater-page
aauem,Cinemark Round Rock 14,Cinemark,Austin,78717,/cinemark-round-rock-14-aauem/theater-page
aaeqk,Cinemark Pflugerville 20 and XD,Cinemark,Austin,78717,/cinemark-pflugerville-20-and-xd-aaeqk/theater-page
aaebg,Regal Gateway 4DX & IMAX,Regal,Austin,78717,/regal-gateway-4dx-and-imax-aaebg/theater-page
aaysf,AMC DINE-IN Tech Ridge 10,AMC,Austin,78717,/amc-dine-in-tech-ridge-10-aaysf/theater-page
aaunj,Cinemark Hill Country Galleria,Cinemark,Austin,78759,/cinemark-hill-country-galleria-aaunj/theater-page
aauiy,Cinemark Southpark Meadows,Cinemark,Austin,78745,/cinemark-southpark-meadows-aauiy/theater-page
aawsd,Regal Huebner Oaks & RPX,Regal,San Antonio,78258,/regal-huebner-oaks-and-rpx-aawsd/theater-page
aagno,Cinemark Movies 16,Cinemark,San Antonio,78258,/cinemark-movies-16-aagno/theater-page
aamac,Regal Commerce Center,Regal,NY/NJ,08873,/regal-commerce-center-aamac/theater-page
aacph,AMC New Brunswick 18,AMC,NY/NJ,08873,/amc-new-brunswick-18-aacph/theater-page
aaemi,Regal Hadley,Regal,NY/NJ,08873,/regal-hadley-aaemi/theater-page
aahrp,AMC Brunswick Square 13,AMC,NY/NJ,08873,/amc-brunswick-square-13-aahrp/theater-page
aaynj,Regal Bricktown Charleston,Regal,NY/NJ,08873,/regal-bricktown-charleston-aaynj/theater-page
aackw,Cinemark Hazlet 12,Cinemark,NY/NJ,08873,/cinemark-hazlet-12-aackw/theater-page
aabpr,AMC Freehold 14,AMC,NY/NJ,08873,/amc-freehold-14-aabpr/theater-page
aapyt,AMC Jersey Gardens 20,AMC,NY/NJ,08873,/amc-jersey-gardens-20-aapyt/theater-page
aabpl,AMC Loews East Hanover 12,AMC,NY/NJ,08873,/amc-loews-east-hanover-12-aabpl/theater-page
aaxqi,Regal Independence Plaza,Regal,NY/NJ,08873,/regal-independence-plaza-aaxqi/theater-page
aaufg,AMC Rockaway 16,AMC,NY/NJ,08873,/amc-rockaway-16-aaufg/theater-page
aabuc,AMC Newport Centre 11,AMC,NY/NJ,08873,/amc-newport-centre-11-aabuc/theater-page
aayrx,Cinemark Willowbrook Mall and XD,Cinemark,NY/NJ,08873,/cinemark-willowbrook-mall-and-xd-aayrx/theater-page
aabpj,AMC Wayne 14,AMC,NY/NJ,08873,/amc-wayne-14-aabpj/theater-page
aankm,AMC Clifton Commons 16,AMC,NY/NJ,08873,/amc-clifton-commons-16-aankm/theater-page
aavpq,Regal Secaucus ShowPlace 14,Regal,NY/NJ,08873,/regal-secaucus-showplace-14-aavpq/theater-page
aaore,AMC Empire 25,AMC,NY/NJ,08873,/amc-empire-25-aaore/theater-page
aancl,AMC Kips Bay 15,AMC,NY/NJ,08873,/amc-kips-bay-15-aancl/theater-page
aaivo,AMC Neshaminy 24,AMC,NY/NJ,08873,/amc-neshaminy-24-aaivo/theater-page
aadhv,Regal Burlington,Regal,NY/NJ,08873,/regal-burlington-aadhv/theater-page
aaxbo,AMC Ridgefield Park 12,AMC,NY/NJ,08873,/amc-ridgefield-park-12-aaxbo/theater-page
aanja,Regal Warrington Crossing,Regal,NY/NJ,08873,/regal-warrington-crossing-aanja/theater-page
aauhq,AMC Center Valley 16,AMC,NY/NJ,08873,/amc-center-valley-16-aauhq/theater-page
aaktm,AMC Cherry Hill 24,AMC,NY/NJ,08873,/amc-cherry-hill-24-aaktm/theater-page
aawjc,Showcase Cinema de Lux Ridge Hill,Showcase,NY/NJ,08873,/showcase-cinema-de-lux-ridge-hill-aawjc/theater-page
aabsx,AMC Raceway 10,AMC,NY/NJ,11375,/amc-raceway-10-aabsx/theater-page
aafpi,AMC Palisades Center 21,AMC,NY/NJ,07666,/amc-palisades-center-21-aafpi/theater-page
aaodg,Regal Westbury IMAX & RPX,Regal,NY/NJ,11354,/regal-westbury-imax-and-rpx-aaodg/theater-page
aarck,Apple Cinemas White Plains,Independent/Desi,NY/NJ,10704,/apple-cinemas-white-plains-aarck/theater-page
aaxbb,AMC Voorhees 16,AMC,NY/NJ,08540,/amc-voorhees-16-aaxbb/theater-page
aadko,Cinemark Somerdale 16 and XD,Cinemark,NY/NJ,08540,/cinemark-somerdale-16-and-xd-aadko/theater-page
aajav,Oaks Center Cinema D-Box & OCX,Independent/Desi,NY/NJ,08540,/oaks-center-cinema-d-box-and-ocx-aajav/theater-page
aacud,Showcase Cinema de lux Farmingdale,Showcase,NY/NJ,11691,/showcase-cinema-de-lux-farmingdale-aacud/theater-page
aauyv,Regal Deer Park,Regal,NY/NJ,11691,/regal-deer-park-aauyv/theater-page
aajgw,AMC Landmark 8,AMC,NY/NJ,11691,/amc-landmark-8-aajgw/theater-page
aalat,AMC Loews Stony Brook 17,AMC,NY/NJ,11691,/amc-loews-stony-brook-17-aalat/theater-page
aabqx,AMC Danbury 16,AMC,NY/NJ,10977,/amc-danbury-16-aabqx/theater-page
aatxh,Cinemark Connecticut Post 14 and IMAX,Cinemark,NY/NJ,11803,/cinemark-connecticut-post-14-and-imax-aatxh/theater-page
aaeth,Regal Elmwood Center,Regal,Upstate NY,14221,/regal-elmwood-center-aaeth/theater-page
aaipn,Cinemark Tinseltown Rochester and IMAX,Cinemark,Upstate NY,14623,/cinemark-tinseltown-rochester-and-imax-aaipn/theater-page
aakgr,Apple Cinemas Greece Ridge,Independent/Desi,Upstate NY,14623,/apple-cinemas-greece-ridge-aakgr/theater-page
aajgh,Regal Destiny USA,Regal,Upstate NY,13057,/regal-destiny-usa-aajgh/theater-page
aaunq,Regal Ithaca Mall,Regal,Upstate NY,13057,/regal-ithaca-mall-aaunq/theater-page
aamgg,Regal Downingtown,Regal,Philadelphia,19406,/regal-downingtown-aamgg/theater-page
aaxjl,Cinemark Christiana and XD,Cinemark,Philadelphia,19406,/cinemark-christiana-and-xd-aaxjl/theater-page
aaehm,Regal Peoples Plaza,Regal,Philadelphia,19406,/regal-peoples-plaza-aaehm/theater-page
aamuq,Regal Manor,Regal,Philadelphia,19087,/regal-manor-aamuq/theater-page
aaqad,Regal Hamilton Commons,Regal,Philadelphia,19103,/regal-hamilton-commons-aaqad/theater-page
aabbi,Apple Cinemas Cambridge,Independent/Desi,Boston,01803,/apple-cinemas-cambridge-aabbi/theater-page
aaesh,Showcase Cinema de Lux Lowell,Showcase,Boston,01803,/showcase-cinema-de-lux-lowell-aaesh/theater-page
aapnv,AMC Boston Common 19,AMC,Boston,01803,/amc-boston-common-19-aapnv/theater-page
aabbk,AMC Loews Liberty Tree Mall 20,AMC,Boston,01803,/amc-loews-liberty-tree-mall-20-aabbk/theater-page
aaoze,AMC Methuen 20,AMC,Boston,01803,/amc-methuen-20-aaoze/theater-page
aadsi,AMC Framingham 16,AMC,Boston,01803,/amc-framingham-16-aadsi/theater-page
aadxg,Regal Solomon Pond,Regal,Boston,01803,/regal-solomon-pond-aadxg/theater-page
aatgl,Apple Cinemas Merrimack,Independent/Desi,Boston,01803,/apple-cinemas-merrimack-aatgl/theater-page
aaezs,Regal Bellingham,Regal,Boston,01803,/regal-bellingham-aaezs/theater-page
aauoc,Apple Cinemas Hooksett IMAX,Independent/Desi,Boston,01803,/apple-cinemas-hooksett-imax-aauoc/theater-page
aanzk,Apple Cinemas Providence Place IMAX,Independent/Desi,Boston,01803,/apple-cinemas-providence-place-imax-aanzk/theater-page
aapmq,Apple Cinemas Warwick,Independent/Desi,Boston,02451,/apple-cinemas-warwick-aapmq/theater-page
aaojm,AMC Plainville 20,AMC,Hartford/CT,06032,/amc-plainville-20-aaojm/theater-page
aafuv,Cinemark Buckland Hills 18 XD and IMAX,Cinemark,Hartford/CT,06032,/cinemark-buckland-hills-18-xd-and-imax-aafuv/theater-page
aagdz,Apple Cinemas Brass Mill,Independent/Desi,Hartford/CT,06032,/apple-cinemas-brass-mill-aagdz/theater-page
aackt,Cinemark West Springfield 15,Cinemark,Hartford/CT,06032,/cinemark-west-springfield-15-aackt/theater-page
aapcq,Cinemark At Hampshire Mall and XD,Cinemark,Hartford/CT,06032,/cinemark-at-hampshire-mall-and-xd-aapcq/theater-page
aarcj,Cinemark Fairfax Corner and XD,Cinemark,Baltimore/DC,20171,/cinemark-fairfax-corner-and-xd-aarcj/theater-page
aacko,Cinemark Centreville,Cinemark,Baltimore/DC,20171,/cinemark-centreville-aacko/theater-page
aaxoe,AMC Loudoun Station 11,AMC,Baltimore/DC,20171,/amc-loudoun-station-11-aaxoe/theater-page
aauns,Regal Fox 4DX & IMAX,Regal,Baltimore/DC,20171,/regal-fox-4dx-and-imax-aauns/theater-page
aaxjh,AMC Montgomery 16 ,AMC,Baltimore/DC,20171,/amc-montgomery-16-aaxjh/theater-page
aabxd,AMC Rio Cinemas 18,AMC,Baltimore/DC,20171,/amc-rio-cinemas-18-aabxd/theater-page
aaixz,Regal Rockville Center,Regal,Baltimore/DC,20171,/regal-rockville-center-aaixz/theater-page
aatuq,Regal Kingstowne ScreenX & RPX,Regal,Baltimore/DC,20171,/regal-kingstowne-screenx-and-rpx-aatuq/theater-page
aapnj,AMC Hoffman Center 22,AMC,Baltimore/DC,20171,/amc-hoffman-center-22-aapnj/theater-page
aadar,AMC Potomac Mills 18,AMC,Baltimore/DC,20171,/amc-potomac-mills-18-aadar/theater-page
aaron,Regal Majestic & IMAX,Regal,Baltimore/DC,20171,/regal-majestic-and-imax-aaron/theater-page
aarem,AMC Columbia 14,AMC,Baltimore/DC,20171,/amc-columbia-14-aarem/theater-page
aapdl,Cinemark Egyptian 24 and XD,Cinemark,Baltimore/DC,20171,/cinemark-egyptian-24-and-xd-aapdl/theater-page
aalhh,AMC Owings Mills 17,AMC,Baltimore/DC,20171,/amc-owings-mills-17-aalhh/theater-page
aaphs,Regal Short Pump,Regal,Richmond/VA,23060,/regal-short-pump-aaphs/theater-page
aaepq,Regal Virginia Center,Regal,Richmond/VA,23060,/regal-virginia-center-aaepq/theater-page
aaowm,Regal Commonwealth & IMAX,Regal,Richmond/VA,23060,/regal-commonwealth-and-imax-aaowm/theater-page
aadaq,AMC Lynnhaven 18,AMC,Richmond/VA,23455,/amc-lynnhaven-18-aadaq/theater-page
aaxgd,Cinemark City Center and XD,Cinemark,Richmond/VA,23455,/cinemark-city-center-and-xd-aaxgd/theater-page
aaguq,AMC Park Place 16,AMC,N Carolina,27560,/amc-park-place-16-aaguq/theater-page
aaxmx,Hooky Entertainment Cary,Independent/Desi,N Carolina,27560,/hooky-entertainment-cary-aaxmx/theater-page
aaonh,Regal Crossroads - Cary,Regal,N Carolina,27560,/regal-crossroads-cary-aaonh/theater-page
aaqwe,Regal Brier Creek,Regal,N Carolina,27560,/regal-brier-creek-aaqwe/theater-page
aavbo,Cinemark Bistro Raleigh,Cinemark,N Carolina,27560,/cinemark-bistro-raleigh-aavbo/theater-page
aawwx,AMC Southpoint 17,AMC,N Carolina,27560,/amc-southpoint-17-aawwx/theater-page
aaixy,Regal Stonecrest at Piper Glen,Regal,N Carolina,28277,/regal-stonecrest-at-piper-glen-aaixy/theater-page
aayjc,Stone Theatres Redstone 14 Cinemas,Independent/Desi,N Carolina,28277,/stone-theatres-redstone-14-cinemas-aayjc/theater-page
aacca,AMC Carolina Pavilion 22,AMC,N Carolina,28277,/amc-carolina-pavilion-22-aacca/theater-page
aavbq,Cinemark Bistro Charlotte,Cinemark,N Carolina,28277,/cinemark-bistro-charlotte-aavbq/theater-page
aafzk,Regal Starlight - Charlotte,Regal,N Carolina,28277,/regal-starlight-charlotte-aafzk/theater-page
aatvt,AMC Northlake 14,AMC,N Carolina,28277,/amc-northlake-14-aatvt/theater-page
aanqm,AMC Concord Mills 24,AMC,N Carolina,28277,/amc-concord-mills-24-aanqm/theater-page
aalxf,AMC Harbison 14,AMC,S Carolina,29212,/amc-harbison-14-aalxf/theater-page
aarek,Regal Azalea Square,Regal,S Carolina,29464,/regal-azalea-square-aarek/theater-page
aaerb,Regal Hollywood - Greenville,Regal,S Carolina,29681,/regal-hollywood-greenville-aaerb/theater-page
aarms,Regal Spartan,Regal,S Carolina,29681,/regal-spartan-aarms/theater-page
aamem,Regal Medlock Crossing,Regal,Georgia,30097,/regal-medlock-crossing-aamem/theater-page
aaxie,Regal Avalon,Regal,Georgia,30097,/regal-avalon-aaxie/theater-page
aarel,AMC Sugarloaf Mills 18,AMC,Georgia,30097,/amc-sugarloaf-mills-18-aarel/theater-page
aaxbw,AMC North Point Mall 12,AMC,Georgia,30097,/amc-north-point-mall-12-aaxbw/theater-page
aauuq,AMC Avenue Forsyth 12,AMC,Georgia,30097,/amc-avenue-forsyth-12-aauuq/theater-page
aadci,AMC Colonial 18,AMC,Georgia,30097,/amc-colonial-18-aadci/theater-page
aankx,Regal Mall of Georgia,Regal,Georgia,30097,/regal-mall-of-georgia-aankx/theater-page
aadit,Regal Perimeter Pointe,Regal,Georgia,30097,/regal-perimeter-pointe-aadit/theater-page
aayal,AMC DINE-IN Webb Gin 11,AMC,Georgia,30097,/amc-dine-in-webb-gin-11-aayal/theater-page
aaktp,AMC Parkway Pointe 15,AMC,Georgia,30350,/amc-parkway-pointe-15-aaktp/theater-page
aanjn,AMC Barrett Commons 14,AMC,Georgia,30350,/amc-barrett-commons-14-aanjn/theater-page
aaevw,Regal Cherokee,Regal,Georgia,30075,/regal-cherokee-aaevw/theater-page
aaegn,AMC Southlake 24,AMC,Georgia,30309,/amc-southlake-24-aaegn/theater-page
aaiti,Cinemark Tinseltown Fayetteville 17 and XD,Cinemark,Georgia,30309,/cinemark-tinseltown-fayetteville-17-and-xd-aaiti/theater-page
aanqu,Regal Arbor Place,Regal,Georgia,30309,/regal-arbor-place-aanqu/theater-page
aarda,AMC Columbus Park 15,AMC,Georgia,31907,/amc-columbus-park-15-aarda/theater-page
aalny,AMC Ritz 13,AMC,Georgia,31907,/amc-ritz-13-aalny/theater-page
aanqx,Regal Augusta Exchange,Regal,Georgia,30907,/regal-augusta-exchange-aanqx/theater-page
aawzm,University 16 Cinemas,Independent/Desi,Georgia,30016,/university-16-cinemas-aawzm/theater-page
aamdd,Cinemark Paradise 24 and XD,Cinemark,Florida,33331,/cinemark-paradise-24-and-xd-aamdd/theater-page
aaekb,Regal Sawgrass,Regal,Florida,33331,/regal-sawgrass-aaekb/theater-page
aairq,AMC Aventura 24,AMC,Florida,33331,/amc-aventura-24-aairq/theater-page
aaive,AMC Pompano Beach 18,AMC,Florida,33331,/amc-pompano-beach-18-aaive/theater-page
aakub,AMC Sunset Place 24,AMC,Florida,33331,/amc-sunset-place-24-aakub/theater-page
aaouv,Cinemark Bistro Boca Raton and XD,Cinemark,Florida,33331,/cinemark-bistro-boca-raton-and-xd-aaouv/theater-page
aafwv,Regal Royal Palm Beach,Regal,Florida,33331,/regal-royal-palm-beach-aafwv/theater-page
aaojk,Cinemark Orlando and XD,Cinemark,Florida,32819,/cinemark-orlando-and-xd-aaojk/theater-page
aaney,Universal Cinemark at CityWalk and XD,Cinemark,Florida,32819,/universal-cinemark-at-citywalk-and-xd-aaney/theater-page
aaujq,Regal Pointe Orlando ,Regal,Florida,32819,/regal-pointe-orlando-aaujq/theater-page
aacvw,AMC West Oaks 14,AMC,Florida,32819,/amc-west-oaks-14-aacvw/theater-page
aaraa,AMC Altamonte Mall 18,AMC,Florida,32819,/amc-altamonte-mall-18-aaraa/theater-page
aaodq,AMC Highwoods 20,AMC,Florida,33647,/amc-highwoods-20-aaodq/theater-page
aanjo,AMC Veterans 24,AMC,Florida,33647,/amc-veterans-24-aanjo/theater-page
aadax,AMC The Regency 20,AMC,Florida,33647,/amc-the-regency-20-aadax/theater-page
aaoqa,AMC Woodlands Square 20,AMC,Florida,33647,/amc-woodlands-square-20-aaoqa/theater-page
aapio,Regal Park Place,Regal,Florida,33647,/regal-park-place-aapio/theater-page
aaoxm,AMC Bradenton 20,AMC,Florida,33647,/amc-bradenton-20-aaoxm/theater-page
aafqv,Regal Oviedo Mall,Regal,Florida,34747,/regal-oviedo-mall-aafqv/theater-page
aatsn,AMC Avenue 16,AMC,Florida,32828,/amc-avenue-16-aatsn/theater-page
aanzr,Regal Avenues,Regal,Florida,32256,/regal-avenues-aanzr/theater-page
aaili,Cinemark Tinseltown Jacksonville and XD,Cinemark,Florida,32256,/cinemark-tinseltown-jacksonville-and-xd-aaili/theater-page
aamgt,AMC Regency 24,AMC,Florida,32256,/amc-regency-24-aamgt/theater-page
aaegl,AMC Orange Park 24,AMC,Florida,32256,/amc-orange-park-24-aaegl/theater-page
aaoon,Cinemark Seven Bridges and IMAX,Cinemark,Chicago,60563,/cinemark-seven-bridges-and-imax-aaoon/theater-page
aatwv,AMC Naperville 16,AMC,Chicago,60563,/amc-naperville-16-aatwv/theater-page
aahvc,Regal Bolingbrook,Regal,Chicago,60563,/regal-bolingbrook-aahvc/theater-page
aaite,Cinemark Tinseltown USA Aurora,Cinemark,Chicago,60563,/cinemark-tinseltown-usa-aurora-aaite/theater-page
aabzg,AMC Yorktown 18,AMC,Chicago,60563,/amc-yorktown-18-aabzg/theater-page
aafez,Marcus Addison Cinema,Marcus,Chicago,60563,/marcus-addison-cinema-aafez/theater-page
aadqg,AMC South Barrington 24,AMC,Chicago,60169,/amc-south-barrington-24-aadqg/theater-page
aaogc,AMC Loews Streets Of Woodfield 20,AMC,Chicago,60169,/amc-loews-streets-of-woodfield-20-aaogc/theater-page
aarmr,Cinemark Century Deer Park 16,Cinemark,Chicago,60169,/cinemark-century-deer-park-16-aarmr/theater-page
aaxgv,Ciné Lounge at Niles,Independent/Desi,Chicago,60169,/cine-lounge-at-niles-aaxgv/theater-page
aaupj,AMC DINE-IN Rosemont 12,AMC,Chicago,60169,/amc-dine-in-rosemont-12-aaupj/theater-page
aauci,AMC Niles 12,AMC,Chicago,60089,/amc-niles-12-aauci/theater-page
aapli,AMC Village Crossing 18,AMC,Chicago,60201,/amc-village-crossing-18-aapli/theater-page
aaqow,AMC River East 21,AMC,Chicago,60201,/amc-river-east-21-aaqow/theater-page
aaaxl,AMC Crestwood 18,AMC,Chicago,60611,/amc-crestwood-18-aaaxl/theater-page
aarmn,AMC Schererville 12,AMC,Chicago,60611,/amc-schererville-12-aarmn/theater-page
aaffg,Marcus Gurnee Mills Cinema,Marcus,Chicago,60611,/marcus-gurnee-mills-cinema-aaffg/theater-page
aauuf,Cinemark Valparaiso,Cinemark,Chicago,60611,/cinemark-valparaiso-aauuf/theater-page
aaiqh,Cinemark Tinseltown USA Kenosha,Cinemark,Chicago,60611,/cinemark-tinseltown-usa-kenosha-aaiqh/theater-page
aaqpa,Emagine Novi,Emagine,Detroit,48377,/emagine-novi-aaqpa/theater-page
aaiye,AMC Livonia 20,AMC,Detroit,48377,/amc-livonia-20-aaiye/theater-page
aawni,MJR Westland Cinema,MJR,Detroit,48377,/mjr-westland-cinema-aawni/theater-page
aatyi,Emagine Canton,Emagine,Detroit,48377,/emagine-canton-aatyi/theater-page
aamop,AMC Star Great Lakes 25,AMC,Detroit,48377,/amc-star-great-lakes-25-aamop/theater-page
aaxhp,MJR Troy Cinema,MJR,Detroit,48377,/mjr-troy-cinema-aaxhp/theater-page
aacvg,AMC Star John R 15,AMC,Detroit,48377,/amc-star-john-r-15-aacvg/theater-page
aacuh,Ann Arbor 20 + IMAX,Independent/Desi,Detroit,48377,/ann-arbor-20-imax-aacuh/theater-page
aanxr,AMC Forum 30,AMC,Detroit,48377,/amc-forum-30-aanxr/theater-page
aacuj,Cinemark Flint West 14,Cinemark,Detroit,48377,/cinemark-flint-west-14-aacuj/theater-page
aatkz,Cinemark Franklin Park 16 and XD,Cinemark,Detroit,48108,/cinemark-franklin-park-16-and-xd-aatkz/theater-page
aabyg,AMC Dublin Village 18,AMC,Ohio,43016,/amc-dublin-village-18-aabyg/theater-page
aaizu,Marcus Crosswoods Cinema,Marcus,Ohio,43016,/marcus-crosswoods-cinema-aaizu/theater-page
aatvf,Cinemark Polaris 18 and XD,Cinemark,Ohio,43016,/cinemark-polaris-18-and-xd-aatvf/theater-page
aanit,AMC Easton Town Center 30,AMC,Ohio,43016,/amc-easton-town-center-30-aanit/theater-page
aaglu,Cinemark Stoneridge Plaza Movies 16,Cinemark,Ohio,43016,/cinemark-stoneridge-plaza-movies-16-aaglu/theater-page
aanhi,Cinemark Valley View and XD,Cinemark,Ohio,44141,/cinemark-valley-view-and-xd-aanhi/theater-page
aauiu,Cinemark Strongsville at Southpark Mall,Cinemark,Ohio,44141,/cinemark-strongsville-at-southpark-mall-aauiu/theater-page
aajai,Regal Willoughby Commons,Regal,Ohio,44141,/regal-willoughby-commons-aajai/theater-page
aaunb,Regal Deerfield Town Center & RPX,Regal,Ohio,45040,/regal-deerfield-town-center-and-rpx-aaunb/theater-page
aawwu,AMC West Chester 18,AMC,Ohio,45040,/amc-west-chester-18-aawwu/theater-page
aacjy,Showcase Cinema de Lux Springdale,Showcase,Ohio,45040,/showcase-cinema-de-lux-springdale-aacjy/theater-page
aapck,Cinemark Milford 16,Cinemark,Ohio,45040,/cinemark-milford-16-aapck/theater-page
aapcl,Cinemark Dayton South 16 and XD,Cinemark,Ohio,45040,/cinemark-dayton-south-16-and-xd-aapcl/theater-page
aaqbb,AMC Newport On The Levee 20,AMC,Ohio,45040,/amc-newport-on-the-levee-20-aaqbb/theater-page
aankz,Regal Fairfield Commons & RPX,Regal,Ohio,45040,/regal-fairfield-commons-and-rpx-aankz/theater-page
aaejq,Regal Village Park,Regal,Indiana,46032,/regal-village-park-aaejq/theater-page
aausc,AMC Castleton Square 14,AMC,Indiana,46032,/amc-castleton-square-14-aausc/theater-page
aacvp,Regal UA Galaxy - Indianapolis,Regal,Indiana,46032,/regal-ua-galaxy-indianapolis-aacvp/theater-page
aauum,Emagine Noblesville,Emagine,Indiana,46032,/emagine-noblesville-aauum/theater-page
aaejm,Regal Shiloh Crossing,Regal,Indiana,46032,/regal-shiloh-crossing-aaejm/theater-page
aanfk,AMC Indianapolis 17,AMC,Indiana,46032,/amc-indianapolis-17-aanfk/theater-page
aaimj,Cinemark Greenwood Corner,Cinemark,Indiana,46032,/cinemark-greenwood-corner-aaimj/theater-page
aacta,Regal Greenwood & RPX,Regal,Indiana,46032,/regal-greenwood-and-rpx-aacta/theater-page
aajfa,AMC CLASSIC South Bend 16,AMC,Indiana,46385,/amc-classic-south-bend-16-aajfa/theater-page
aaipj,Cinemark South Bend Movies 14,Cinemark,Indiana,46385,/cinemark-south-bend-movies-14-aaipj/theater-page
aancu,AMC Mayfair Mall 18,AMC,Wisconsin,53045,/amc-mayfair-mall-18-aancu/theater-page
aagme,Marcus Ridge Cinema,Marcus,Wisconsin,53045,/marcus-ridge-cinema-aagme/theater-page
aaglw,Marcus Hillside Cinema,Marcus,Wisconsin,53045,/marcus-hillside-cinema-aaglw/theater-page
aaizz,Marcus Point Cinemas,Marcus,Wisconsin,53719,/marcus-point-cinemas-aaizz/theater-page
aaomj,AMC Fitchburg 18,AMC,Wisconsin,53719,/amc-fitchburg-18-aaomj/theater-page
aaqiu,AMC Eden Prairie Mall 18,AMC,Minnesota,55344,/amc-eden-prairie-mall-18-aaqiu/theater-page
aaqcx,AMC Southdale 16,AMC,Minnesota,55344,/amc-southdale-16-aaqcx/theater-page
aavnh,Marcus West End Cinema,Marcus,Minnesota,55344,/marcus-west-end-cinema-aavnh/theater-page
aaivd,AMC Inver Grove 16,AMC,Minnesota,55344,/amc-inver-grove-16-aaivd/theater-page
aancp,AMC CLASSIC Mounds View 15,AMC,Minnesota,55344,/amc-classic-mounds-view-15-aancp/theater-page
aaivb,AMC Coon Rapids 16,AMC,Minnesota,55344,/amc-coon-rapids-16-aaivb/theater-page
aathv,Marcus Chesterfield Cinema,Marcus,Missouri/KS,63017,/marcus-chesterfield-cinema-aathv/theater-page
aagso,Marcus St. Charles Cinema,Marcus,Missouri/KS,63017,/marcus-st-charles-cinema-aagso/theater-page
aaojf,Marcus Mid Rivers Cinema,Marcus,Missouri/KS,63017,/marcus-mid-rivers-cinema-aaojf/theater-page
aaeco,AMC Town Center 20,AMC,Missouri/KS,66210,/amc-town-center-20-aaeco/theater-page
aaxgg,AMC Prairiefire 17,AMC,Missouri/KS,66210,/amc-prairiefire-17-aaxgg/theater-page
aaecq,AMC Studio 28,AMC,Missouri/KS,66210,/amc-studio-28-aaecq/theater-page
aaecp,AMC Barrywoods 24,AMC,Missouri/KS,66210,/amc-barrywoods-24-aaecp/theater-page
aasus,Cinemark Century Jordan Creek 20 and XD,Cinemark,Iowa/Nebraska,50266,/cinemark-century-jordan-creek-20-and-xd-aasus/theater-page
aaiqo,Cinemark Ames Movies 12,Cinemark,Iowa/Nebraska,50266,/cinemark-ames-movies-12-aaiqo/theater-page
aarow,Marcus Village Pointe Cinema,Marcus,Iowa/Nebraska,68130,/marcus-village-pointe-cinema-aarow/theater-page
aaigv,Marcus Majestic Cinema of Omaha,Marcus,Iowa/Nebraska,68130,/marcus-majestic-cinema-of-omaha-aaigv/theater-page
aawwt,AMC Westroads 14,AMC,Iowa/Nebraska,68130,/amc-westroads-14-aawwt/theater-page
aaqwh,AMC Council Bluffs 17,AMC,Iowa/Nebraska,68130,/amc-council-bluffs-17-aaqwh/theater-page
aanyz,Cinemark Century Sioux Falls 14 and XD,Cinemark,Dakotas/MT,57106,/cinemark-century-sioux-falls-14-and-xd-aanyz/theater-page
aakpd,Marcus West Acres Cinema,Marcus,Dakotas/MT,58103,/marcus-west-acres-cinema-aakpd/theater-page
aaecn,AMC Westminster Promenade 24,AMC,Colorado,80021,/amc-westminster-promenade-24-aaecn/theater-page
aayfg,Harkins Arvada 14,Harkins,Colorado,80021,/harkins-arvada-14-aayfg/theater-page
aauni,Cinemark Century Boulder,Cinemark,Colorado,80021,/cinemark-century-boulder-aauni/theater-page
aajjg,Regal UA Denver Pavilions ,Regal,Colorado,80021,/regal-ua-denver-pavilions-aajjg/theater-page
aavkz,Regal River Point,Regal,Colorado,80021,/regal-river-point-aavkz/theater-page
aajni,Cinemark Century Aurora and XD,Cinemark,Colorado,80021,/cinemark-century-aurora-and-xd-aajni/theater-page
aaecm,AMC Highlands Ranch 24,AMC,Colorado,80021,/amc-highlands-ranch-24-aaecm/theater-page
aaewn,AMC Arapahoe Crossing 16,AMC,Colorado,80021,/amc-arapahoe-crossing-16-aaewn/theater-page
aaosz,Cinemark Fort Collins,Cinemark,Colorado,80021,/cinemark-fort-collins-aaosz/theater-page
aaiqk,Cinemark Tinseltown Colorado Springs and XD,Cinemark,Colorado,80920,/cinemark-tinseltown-colorado-springs-and-xd-aaiqk/theater-page
aaoej,Cinemark Jordan Landing 24 and XD,Cinemark,Utah,84070,/cinemark-jordan-landing-24-and-xd-aaoej/theater-page
aaqan,Harkins Chandler Fashion 20,Harkins,Arizona,85226,/harkins-chandler-fashion-20-aaqan/theater-page
aacgt,AMC Ahwatukee 24,AMC,Arizona,85226,/amc-ahwatukee-24-aacgt/theater-page
aaihc,Harkins Arizona Mills and IMAX,Harkins,Arizona,85226,/harkins-arizona-mills-and-imax-aaihc/theater-page
aappp,Regal Gilbert,Regal,Arizona,85226,/regal-gilbert-aappp/theater-page
aatzn,Cinemark Mesa 16,Cinemark,Arizona,85226,/cinemark-mesa-16-aatzn/theater-page
aakot,AMC Deer Valley 17,AMC,Arizona,85308,/amc-deer-valley-17-aakot/theater-page
aaosv,Harkins Arrowhead Fountains 18,Harkins,Arizona,85308,/harkins-arrowhead-fountains-18-aaosv/theater-page
aaufh,AMC Westgate 20,AMC,Arizona,85308,/amc-westgate-20-aaufh/theater-page
aapgj,AMC Desert Ridge 18,AMC,Arizona,85308,/amc-desert-ridge-18-aapgj/theater-page
aangb,Cinemark Century El Con 20 and XD,Cinemark,Arizona,85718,/cinemark-century-el-con-20-and-xd-aangb/theater-page
aadzy,Cinemark Century Orleans 18 and XD,Cinemark,Nevada,89135,/cinemark-century-orleans-18-and-xd-aadzy/theater-page
aauix,Cinemark Century Summit Sierra,Cinemark,Nevada,89502,/cinemark-century-summit-sierra-aauix/theater-page
aacwa,Cinemark Century Rio Plex 24 and XD,Cinemark,New Mexico,87114,/cinemark-century-rio-plex-24-and-xd-aacwa/theater-page
aabsr,Regal Bella Bottega,Regal,Seattle,98052,/regal-bella-bottega-aabsr/theater-page
aatvl,Cinemark Lincoln Square,Cinemark,Seattle,98052,/cinemark-lincoln-square-aatvl/theater-page
aaayx,AMC Loews Factoria 8,AMC,Seattle,98052,/amc-loews-factoria-8-aaayx/theater-page
aabfy,Regal Meridian,Regal,Seattle,98052,/regal-meridian-aabfy/theater-page
aatft,AMC Loews Alderwood Mall 16,AMC,Seattle,98052,/amc-loews-alderwood-mall-16-aatft/theater-page
aaozg,Galaxy Monroe,Independent/Desi,Seattle,98052,/galaxy-monroe-aaozg/theater-page
aauxg,AMC Southcenter 16,AMC,Seattle,98007,/amc-southcenter-16-aauxg/theater-page
aaujz,Cinemark Century Federal Way and XD,Cinemark,Seattle,98375,/cinemark-century-federal-way-and-xd-aaujz/theater-page
aatzs,Regal Everett,Regal,Seattle,98011,/regal-everett-aatzs/theater-page
aatbx,Cinemark Cedar Hills 16,Cinemark,Portland/OR,97006,/cinemark-cedar-hills-16-aatbx/theater-page
aaesc,Regal Movies On TV,Regal,Portland/OR,97006,/regal-movies-on-tv-aaesc/theater-page
aaeux,Regal Edwards Boise,Regal,Idaho/WY,83704,/regal-edwards-boise-aaeux/theater-page
aatnu,Cinemark Majestic Cinemas,Cinemark,Idaho/WY,83704,/cinemark-majestic-cinemas-aatnu/theater-page
aaexd,Regal Hollywood – Nashville,Regal,Tennessee,37067,/regal-hollywood-nashville-aaexd/theater-page
aanzf,AMC CLASSIC Murfreesboro 16,AMC,Tennessee,37067,/amc-classic-murfreesboro-16-aanzf/theater-page
aaumq,Regal Providence,Regal,Tennessee,37067,/regal-providence-aaumq/theater-page
aatjd,Regal Pinnacle,Regal,Tennessee,37922,/regal-pinnacle-aatjd/theater-page
aatzd,AMC Chattanooga 18,AMC,Tennessee,37402,/amc-chattanooga-18-aatzd/theater-page
aaiqi,Cinemark Tinseltown Louisville and XD,Cinemark,Kentucky,40222,/cinemark-tinseltown-louisville-and-xd-aaiqi/theater-page
aauap,Cinemark Fayette Mall and XD,Cinemark,Kentucky,40503,/cinemark-fayette-mall-and-xd-aauap/theater-page
aaogk,Regal Hamburg Pavilion,Regal,Kentucky,40503,/regal-hamburg-pavilion-aaogk/theater-page
aahln,AMC Summit 16,AMC,Alabama/MS,35242,/amc-summit-16-aahln/theater-page
aasvb,AMC Patton Creek 15,AMC,Alabama/MS,35242,/amc-patton-creek-15-aasvb/theater-page
aawwl,AMC Festival Plaza 16,AMC,Alabama/MS,36830,/amc-festival-plaza-16-aawwl/theater-page
aaitj,Cinemark Pearl 17 and XD,Cinemark,Alabama/MS,39232,/cinemark-pearl-17-and-xd-aaitj/theater-page
aaqip,AMC Elmwood Palace 20,AMC,Louisiana/AR,70130,/amc-elmwood-palace-20-aaqip/theater-page
aaqsf,Cinemark Colonel Glenn and XD,Cinemark,Louisiana/AR,72223,/cinemark-colonel-glenn-and-xd-aaqsf/theater-page
aaktw,AMC Quail Springs Mall 24,AMC,Oklahoma,73134,/amc-quail-springs-mall-24-aaktw/theater-page
aaitg,Cinemark Tinseltown Oklahoma City and XD,Cinemark,Oklahoma,73134,/cinemark-tinseltown-oklahoma-city-and-xd-aaitg/theater-page
aaswz,Harkins Bricktown 16,Harkins,Oklahoma,73134,/harkins-bricktown-16-aaswz/theater-page
aaeku,AMC Southroads 20,AMC,Oklahoma,74136,/amc-southroads-20-aaeku/theater-page
aaopp,Cinemark Tulsa and IMAX,Cinemark,Oklahoma,74136,/cinemark-tulsa-and-imax-aaopp/theater-page
aaxiw,Cinemark North Hills and XD,Cinemark,Pittsburgh,15237,/cinemark-north-hills-and-xd-aaxiw/theater-page
aavpp,Cinemark Robinson Township and XD,Cinemark,Pittsburgh,15237,/cinemark-robinson-township-and-xd-aavpp/theater-page
aaosa,AMC Waterfront 22,AMC,Pittsburgh,15237,/amc-waterfront-22-aaosa/theater-page
aaxbv,Cinemark Monroeville Mall and XD,Cinemark,Pittsburgh,15237,/cinemark-monroeville-mall-and-xd-aaxbv/theater-page
aajnh,Cinemark Century Anchorage 16 and XD,Cinemark,Alaska/Hawaii,99508,/cinemark-century-anchorage-16-and-xd-aajnh/theater-page
aange,Regal Dole Cannery,Regal,Alaska/Hawaii,96814,/regal-dole-cannery-aange/theater-page
aauba,Apple Cinemas Westbrook,Independent/Desi,Rhode I/NH/ME/VT,04101,/apple-cinemas-westbrook-aauba/theater-page
aavky,Cinemark Huntington Mall,Cinemark,Delaware/WV,25304,/cinemark-huntington-mall-aavky/theater-page
